;carrierCode;planeYear;planeModel
N335AA;AA;1987;767-223
N352AA;AA;1988;767-323
N319AA;AA;1985;767-223
N583AA;AA;1991;DC-9-82(MD-82)
N473AA;AA;1988;DC-9-82(MD-82)
N219AA;AA;1983;DC-9-82(MD-82)
N477AA;AA;1988;DC-9-82(MD-82)
N550AA;AA;1964;HST-550
N446AA;AA;1987;DC-9-82(MD-82)
N584AA;AA;1991;DC-9-82(MD-82)
N586AA;AA;1991;DC-9-82(MD-82)
N329AA;AA;1987;767-223
N320AA;AA;1985;767-223
N321AA;AA;1986;767-223
N328AA;AA;1986;767-223
N332AA;AA;1987;767-223
N374AA;AA;1992;767-323
N381AA;AA;1956;DC-7BF
N362AA;AA;1988;767-323
N353AA;AA;1988;767-323
N360AA;AA;1988;767-323
N383AA;AA;1972;E-90
N336AA;AA;1987;767-223
N322AA;AA;1986;767-223
N391AA;AA;1995;767-323
N339AA;AA;1988;767-223
N323AA;AA;;767-223
N325AA;AA;1986;767-223
N338AA;AA;1987;767-223
N327AA;AA;1986;767-223
N376AA;AA;1978;PA-32RT-300
N371AA;AA;1992;767-323
N375AA;AA;1974;690A
N382AA;AA;;1121
N379AA;AA;1993;767-323
N380AA;AA;;AS 355F1
N348AA;AA;;S-76A
N324AA;AA;1986;767-223
N372AA;AA;1992;767-323
N354AA;AA;1988;767-323
N377AA;AA;;FALCON XP
N621AA;AA;1975;172M
N592AA;AA;1991;DC-9-83(MD-83)
N565AA;AA;1987;DC-9-83(MD-83)
N384AA;AA;1993;767-323
N628AA;AA;1990;757-223
N637AA;AA;;FALCON-XP
N631AA;AA;1990;757-223
N639AA;AA;1991;757-223
N390AA;AA;1995;767-323
N388AA;AA;1995;767-323
N345AA;AA;1992;G-IV
N612AA;AA;1989;757-223
N635AA;AA;1990;757-223
N630AA;AA;1990;757-223
N358AA;AA;1988;767-323
N624AA;AA;1990;757-223
N492AA;AA;1989;DC-9-82(MD-82)
N440AA;AA;1987;DC-9-82(MD-82)
N369AA;AA;1992;767-323
N363AA;AA;1988;767-323
N578AA;AA;1991;DC-9-82(MD-82)
N287AA;AA;1985;DC-9-82(MD-82)
N266AA;AA;1985;DC-9-82(MD-82)
N227AA;AA;1983;DC-9-82(MD-82)
N214AA;AA;1983;DC-9-82(MD-82)
N505AA;AA;1989;DC-9-82(MD-82)
N208AA;AA;1983;DC-9-82(MD-82)
N457AA;AA;1988;DC-9-82(MD-82)
N469AA;AA;1988;DC-9-82(MD-82)
N554AA;AA;1991;DC-9-82(MD-82)
N471AA;AA;1988;DC-9-82(MD-82)
N423AA;AA;1986;DC-9-82(MD-82)
N241AA;AA;1984;DC-9-82(MD-82)
N458AA;AA;1988;DC-9-82(MD-82)
N244AA;AA;1984;DC-9-82(MD-82)
N589AA;AA;1991;DC-9-83(MD-83)
N587AA;AA;1991;DC-9-82(MD-82)
N472AA;AA;1988;DC-9-82(MD-82)
N579AA;AA;1991;DC-9-82(MD-82)
N576AA;AA;1991;DC-9-82(MD-82)
N510AA;AA;1982;T210N
N563AA;AA;1987;DC-9-83(MD-83)
N562AA;AA;1987;DC-9-83(MD-83)
N202AA;AA;1980;421C
N237AA;AA;1984;DC-9-82(MD-82)
N249AA;AA;1984;DC-9-82(MD-82)
N419AA;AA;1986;DC-9-82(MD-82)
N596AA;AA;1992;DC-9-83(MD-83)
N456AA;AA;1988;DC-9-82(MD-82)
N271AA;AA;1985;DC-9-82(MD-82)
N598AA;AA;1992;DC-9-83(MD-83)
N494AA;AA;1989;DC-9-82(MD-82)
N248AA;AA;1984;DC-9-82(MD-82)
N486AA;AA;1988;DC-9-82(MD-82)
N622AA;AA;1990;757-223
N434AA;AA;1987;DC-9-83(MD-83)
N559AA;AA;1991;DC-9-82(MD-82)
N497AA;AA;1989;DC-9-82(MD-82)
N474AA;AA;1974;172M
N488AA;AA;1988;DC-9-82(MD-82)
N585AA;AA;1991;DC-9-82(MD-82)
N595AA;AA;1992;DC-9-83(MD-83)
N566AA;AA;1987;DC-9-83(MD-83)
N449AA;AA;1987;DC-9-82(MD-82)
N279AA;AA;1985;DC-9-82(MD-82)
N278AA;AA;1985;DC-9-82(MD-82)
N234AA;AA;1983;DC-9-82(MD-82)
N507AA;AA;1997;FALCON-XP
N561AA;AA;1991;DC-9-82(MD-82)
N557AA;AA;1993;KITFOX IV
N236AA;AA;1984;DC-9-82(MD-82)
N233AA;AA;1983;DC-9-82(MD-82)
N468AA;AA;1988;DC-9-82(MD-82)
N481AA;AA;1988;DC-9-82(MD-82)
N436AA;AA;1987;DC-9-83(MD-83)
N572AA;AA;1987;DC-9-83(MD-83)
N489AA;AA;1989;DC-9-82(MD-82)
N632AA;AA;1990;757-223
N541AA;AA;1982;C90
N464AA;AA;1988;DC-9-82(MD-82)
N448AA;AA;1987;DC-9-82(MD-82)
N558AA;AA;1991;DC-9-82(MD-82)
N495AA;AA;1989;DC-9-82(MD-82)
N421AA;AA;1962;421C
N484AA;AA;1988;DC-9-82(MD-82)
N638AA;AA;1991;757-223
N445AA;AA;1987;DC-9-82(MD-82)
N451AA;AA;1987;DC-9-82(MD-82)
N343AA;AA;1979;S-76A
N378AA;AA;1963;172E
N413AA;AA;1986;DC-9-82(MD-82)
N455AA;AA;1988;DC-9-82(MD-82)
N478AA;AA;1988;DC-9-82(MD-82)
N509AA;AA;;FALCON-XP
N490AA;AA;1989;DC-9-82(MD-82)
N482AA;AA;1988;DC-9-82(MD-82)
N575AA;AA;1963;210-5(205)
N258AA;AA;1985;DC-9-82(MD-82)
N614AA;AA;1989;757-223
N410AA;AA;1986;DC-9-82(MD-82)
N443AA;AA;1987;DC-9-82(MD-82)
N590AA;AA;1991;DC-9-83(MD-83)
N641AA;AA;1991;757-223
N460AA;AA;1988;DC-9-82(MD-82)
N459AA;AA;1988;DC-9-82(MD-82)
N439AA;AA;1987;DC-9-83(MD-83)
N418AA;AA;1986;DC-9-82(MD-82)
N245AA;AA;1984;DC-9-82(MD-82)
N613AA;AA;1989;757-223
N357AA;AA;1988;767-323
N463AA;AA;1988;DC-9-82(MD-82)
N290AA;AA;1985;DC-9-82(MD-82)
N487AA;AA;1988;DC-9-82(MD-82)
N408AA;AA;1986;DC-9-82(MD-82)
N401AA;AA;;S-50A
N544AA;AA;2007;VANS AIRCRAFT RV6
N581AA;AA;1991;DC-9-82(MD-82)
N551AA;AA;1985;FALCON XP
N444AA;AA;1973;182P
N246AA;AA;1984;DC-9-82(MD-82)
N591AA;AA;1991;DC-9-83(MD-83)
N433AA;AA;1987;DC-9-83(MD-83)
N350AA;AA;1980;PA-31-350
N508AA;AA;1975;206B
N564AA;AA;1987;DC-9-83(MD-83)
N567AA;AA;1959;OTTER DHC-3
N274AA;AA;1984;DC-9-82(MD-82)
N597AA;AA;1992;DC-9-83(MD-83)
N588AA;AA;1991;DC-9-83(MD-83)
N255AA;AA;1984;DC-9-82(MD-82)
N417AA;AA;1986;DC-9-82(MD-82)
N574AA;AA;1991;DC-9-82(MD-82)
N427AA;AA;1986;DC-9-82(MD-82)
N201AA;AA;1959;150
N620AA;AA;1990;757-223
N553AA;AA;1991;DC-9-82(MD-82)
N599AA;AA;1992;DC-9-83(MD-83)
N223AA;AA;1983;DC-9-82(MD-82)
N461AA;AA;1988;DC-9-82(MD-82)
N582AA;AA;1991;DC-9-82(MD-82)
N425AA;AA;1968;PA-28-180
N441AA;AA;1987;DC-9-82(MD-82)
N479AA;AA;1988;DC-9-82(MD-82)
N496AA;AA;1989;DC-9-82(MD-82)
N627AA;AA;1990;757-223
N642AA;AA;1991;757-223
N467AA;AA;1988;DC-9-82(MD-82)
N355AA;AA;1988;767-323
N570AA;AA;1987;DC-9-83(MD-83)
N593AA;AA;1991;DC-9-83(MD-83)
N424AA;AA;1986;DC-9-82(MD-82)
N577AA;AA;1991;DC-9-82(MD-82)
N437AA;AA;1987;DC-9-83(MD-83)
N435AA;AA;1987;DC-9-83(MD-83)
N415AA;AA;1986;DC-9-82(MD-82)
N545AA;AA;1976;PA-32R-300
N431AA;AA;1986;DC-9-82(MD-82)
N569AA;AA;1987;DC-9-83(MD-83)
N485AA;AA;1988;DC-9-82(MD-82)
N618AA;AA;1989;757-223
N411AA;AA;1986;DC-9-82(MD-82)
N293AA;AA;1985;DC-9-82(MD-82)
N580AA;AA;1991;DC-9-82(MD-82)
N556AA;AA;1991;DC-9-82(MD-82)
N412AA;AA;1986;DC-9-82(MD-82)
N462AA;AA;1988;DC-9-82(MD-82)
N292AA;AA;1985;DC-9-82(MD-82)
N480AA;AA;1988;DC-9-82(MD-82)
N619AA;AA;1990;757-223
N370AA;AA;1992;767-323
N525AA;AA;1980;PA-31-350
N519AA;AA;1979;550
N643AA;AA;1991;757-223
N450AA;AA;1987;DC-9-82(MD-82)
N501AA;AA;1989;DC-9-82(MD-82)
N232AA;AA;1983;DC-9-82(MD-82)
N611AA;AA;1985;F85P-1
N625AA;AA;1990;757-223
N420AA;AA;1986;DC-9-82(MD-82)
N453AA;AA;1988;DC-9-82(MD-82)
N416AA;AA;1986;DC-9-82(MD-82)
N594AA;AA;1992;DC-9-83(MD-83)
N438AA;AA;1987;DC-9-83(MD-83)
N432AA;AA;1987;DC-9-82(MD-82)
N470AA;AA;1988;DC-9-82(MD-82)
N523AA;AA;1968;60
N568AA;AA;1987;DC-9-83(MD-83)
N552AA;AA;1991;DC-9-82(MD-82)
N571AA;AA;1987;DC-9-83(MD-83)
N454AA;AA;1987;DC-9-82(MD-82)
N259AA;AA;1985;DC-9-82(MD-82)
N616AA;AA;1989;757-223
N447AA;AA;1987;DC-9-82(MD-82)
N475AA;AA;1988;DC-9-82(MD-82)
N633AA;AA;1990;757-223
N442AA;AA;1987;DC-9-82(MD-82)
N623AA;AA;1990;757-223
N242AA;AA;1984;DC-9-82(MD-82)
N610AA;AA;1989;757-223
N547AA;AA;1985;FALCON XP
N452AA;AA;1988;DC-9-82(MD-82)
N491AA;AA;1989;DC-9-82(MD-82)
N430AA;AA;1986;DC-9-82(MD-82)
N476AA;AA;1988;DC-9-82(MD-82)
N466AA;AA;1988;DC-9-82(MD-82)
N426AA;AA;1986;DC-9-82(MD-82)
N298AA;AA;1985;DC-9-82(MD-82)
N573AA;AA;1991;DC-9-82(MD-82)
N422AA;AA;1986;DC-9-82(MD-82)
N626AA;AA;1990;757-223
N493AA;AA;1989;DC-9-82(MD-82)
N359AA;AA;1988;767-323
N394AA;AA;2007;A-1B
N765AS;AS;1992;737-4Q8
N762AS;AS;1992;737-4Q8
N596AS;AS;;737-890
N565AS;AS;2006;737-890
N553AS;AS;2006;737-890
N568AS;AS;2007;737-890
N594AS;AS;2008;737-890
N548AS;AS;2005;737-890
N588AS;AS;2007;737-890
N564AS;AS;2006;737-890
N592AS;AS;2008;737-890
N590AS;AS;;737-890
N566AS;AS;2007;737-890
N569AS;AS;2007;737-890
N562AS;AS;2006;737-890
N556AS;AS;2006;737-890
N552AS;AS;2006;737-890
N589AS;AS;2007;737-890
N558AS;AS;2006;737-890
N323AS;AS;2004;737-990
N593AS;AS;2008;737-890
N586AS;AS;2007;737-890
N549AS;AS;2005;737-8FH
N560AS;AS;2006;737-890
N581AS;AS;2007;737-890
N563AS;AS;2006;737-890
N305AS;AS;2001;737-990
N317AS;AS;2003;737-990
N546AS;AS;2005;737-890
N306AS;AS;2001;737-990
N796AS;AS;1998;737-490
N763AS;AS;1992;737-4Q8
N799AS;AS;1998;737-490
N772AS;AS;1993;737-4Q8
N768AS;AS;1992;737-490
N775AS;AS;1993;737-4Q8
N627AS;AS;2001;737-790
N794AS;AS;1998;737-490
N774AS;AS;1993;737-4Q8
N764AS;AS;1992;737-4Q8
N769AS;AS;1993;737-4Q8
N783AS;AS;1994;737-4Q8
N705AS;AS;1998;737-490
N756AS;AS;1992;737-4Q8
N784AS;AS;1996;737-4Q8
N793AS;AS;1998;737-490
N708AS;AS;1999;737-490
N613AS;AS;1999;737-790
N617AS;AS;2000;737-790
N703AS;AS;1998;737-490
N771AS;AS;1993;737-4Q8
N579AS;AS;2007;737-890
N551AS;AS;2006;737-890
N614AS;AS;1999;737-790
N309AS;AS;2001;737-990
N791AS;AS;1997;737-490
N587AS;AS;;737-890
N570AS;AS;2007;737-890
N559AS;AS;2006;737-890
N315AS;AS;2002;737-990
N318AS;AS;2003;737-990
N755AS;AS;1992;737-4Q8
N302AS;AS;2003;737-990
N307AS;AS;2001;737-990
N303AS;AS;2001;737-990
N797AS;AS;1998;737-490
N713AS;AS;1999;737-490
N773AS;AS;1993;737-4Q8
N583AS;AS;2007;737-890
N585AS;AS;2007;737-890
N557AS;AS;2006;737-890
N754AS;AS;1992;737-4Q8
N776AS;AS;1994;737-4Q8
N786AS;AS;1990;737-4S3
N779AS;AS;1994;737-4Q8
N612AS;AS;1999;737-790
N785AS;AS;1997;737-4Q8
N778AS;AS;1994;737-4Q8
N320AS;AS;2003;737-990
N788AS;AS;1997;737-490
N706AS;AS;1998;737-490
N792AS;AS;1997;737-490
N618AS;AS;2000;737-790
N626AS;AS;2001;737-790
N607AS;AS;1999;737-790
N611AS;AS;1999;737-790
N644AS;AS;2003;737-790
N619AS;AS;2000;737-790
N615AS;AS;2000;737-790
N625AS;AS;2001;737-790
N649AS;AS;2003;737-790
N622AS;AS;2000;737-790
N624AS;AS;2000;737-790
N584AS;AS;2007;737-890
N577AS;AS;2007;737-890
N609AS;AS;1999;737-790
N598JB;B6;2004;A320-232
N623JB;B6;2005;A320-232
N582JB;B6;2003;A320-232
N655JB;B6;2007;A320-232
N635JB;B6;2006;A320-232
N509JB;B6;2000;A320-232
N558JB;B6;2003;A320-232
N594JB;B6;2004;A320-232
N585JB;B6;2004;A320-232
N589JB;B6;2004;A320-232
N653JB;B6;2007;A320-232
N644JB;B6;2006;A320-232
N599JB;B6;2004;A320-232
N625JB;B6;2005;A320-232
N648JB;B6;2006;A320-232
N597JB;B6;2004;A320-232
N624JB;B6;2005;A320-232
N658JB;B6;2007;A320-232
N554JB;B6;2002;A320-232
N612JB;B6;2005;A320-232
N639JB;B6;2006;A320-232
N615JB;B6;2005;A320-232
N656JB;B6;2007;A320-232
N613JB;B6;2005;A320-232
N190JB;B6;2005;ERJ 190-100 IGW
N608JB;B6;2005;A320-232
N603JB;B6;2005;A320-232
N634JB;B6;2006;A320-232
N504JB;B6;1999;A320-232
N641JB;B6;2006;A320-232
N524JB;B6;2001;A320-232
N665JB;B6;2007;A320-232
N637JB;B6;2006;A320-232
N605JB;B6;2005;A320-232
N662JB;B6;2007;A320-232
N258JB;B6;2006;ERJ 190-100 IGW
N192JB;B6;2005;ERJ 190-100 IGW
N216JB;B6;2006;ERJ 190-100 IGW
N184JB;B6;2005;ERJ 190-100 IGW
N231JB;B6;2006;ERJ 190-100 IGW
N249JB;B6;2006;ERJ 190-100 IGW
N565JB;B6;2003;A320-232
N579JB;B6;2003;A320-232
N529JB;B6;2001;A320-232
N633JB;B6;2006;A320-232
N581JB;B6;2003;A320-232
N590JB;B6;2004;A320-232
N636JB;B6;2006;A320-232
N621JB;B6;2005;A320-232
N629JB;B6;2005;A320-232
N197JB;B6;2006;ERJ 190-100 IGW
N517JB;B6;2000;A320-232
N651JB;B6;2007;A320-232
N593JB;B6;2004;A320-232
N547JB;B6;2002;A320-232
N506JB;B6;2000;A320-232
N595JB;B6;2004;A320-232
N703JB;B6;2008;A320-232
N562JB;B6;2003;A320-232
N583JB;B6;2004;A320-232
N632JB;B6;2006;A320-232
N559JB;B6;2003;A320-232
N646JB;B6;2006;A320-232
N536JB;B6;2002;A320-232
N563JB;B6;2003;A320-232
N569JB;B6;2003;A320-232
N706JB;B6;2008;A320-232
N571JB;B6;2003;A320-232
N561JB;B6;2003;A320-232
N203JB;B6;2006;ERJ 190-100 IGW
N206JB;B6;2006;ERJ 190-100 IGW
N266JB;B6;2007;ERJ 190-100 IGW
N564JB;B6;2003;A320-232
N591JB;B6;2004;A320-232
N247JB;B6;2006;ERJ 190-100 IGW
N183JB;B6;2005;ERJ 190-100 IGW
N606JB;B6;2005;A320-232
N618JB;B6;2005;A320-232
N663JB;B6;2007;A320-232
N523JB;B6;2001;A320-232
N645JB;B6;2006;A320-232
N510JB;B6;2000;A320-232
N519JB;B6;2001;A320-232
N661JB;B6;2007;A320-232
N657JB;B6;2007;A320-232
N566JB;B6;2003;A320-232
N534JB;B6;2002;A320-232
N587JB;B6;2004;A320-232
N652JB;B6;2007;A320-232
N284JB;B6;;ERJ 190-100 IGW
N281JB;B6;2007;ERJ 190-100 IGW
N178JB;B6;2005;ERJ 190-100 IGW
N627JB;B6;2005;A320-232
N586JB;B6;2004;A320-232
N592JB;B6;2004;A320-232
N705JB;B6;2008;A320-232
N552JB;B6;2002;A320-232
N570JB;B6;2003;A320-232
N520JB;B6;2001;A320-232
N580JB;B6;2003;A320-232
N568JB;B6;2003;A320-232
N649JB;B6;2006;A320-232
N265JB;B6;2006;ERJ 190-100 IGW
N193JB;B6;2005;ERJ 190-100 IGW
N267JB;B6;2007;ERJ 190-100 IGW
N505JB;B6;2000;A320-232
N607JB;B6;2005;A320-232
N588JB;B6;2004;A320-232
N638JB;B6;2006;A320-232
N630JB;B6;2005;A320-232
N643JB;B6;2006;A320-232
N187JB;B6;2005;ERJ 190-100 IGW
N640JB;B6;2006;A320-232
N274JB;B6;2007;ERJ 190-100 IGW
N273JB;B6;2007;ERJ 190-100 IGW
N289JB;B6;;ERJ 190-100 IGW
N229JB;B6;2006;ERJ 190-100 IGW
N279JB;B6;2007;ERJ 190-100 IGW
N236JB;B6;2006;ERJ 190-100 IGW
N179JB;B6;2005;ERJ 190-100 IGW
N198JB;B6;2006;ERJ 190-100 IGW
N535JB;B6;2002;A320-232
N283JB;B6;2007;ERJ 190-100 IGW
N238JB;B6;;ERJ 190-100 IGW
N57111;CO;1994;757-224
N76064;CO;2002;767-424ER
N76065;CO;2002;767-424ER
N77066;CO;2002;767-424ER
N17122;CO;1997;757-224
N29124;CO;1998;757-224
N13110;CO;1994;757-224
N26210;CO;1998;737-824
N77295;CO;2005;737-824
N17620;CO;1994;737-524
N11612;CO;1994;737-524
N16646;CO;1997;737-524
N76503;CO;;737-824
N18223;CO;1998;737-824
N75410;CO;2001;737-924
N68061;CO;2002;767-424ER
N66051;CO;2000;767-424ER
N67058;CO;2002;767-424ER
N67052;CO;2000;767-424ER
N19141;CO;2000;757-224
N12114;CO;1995;757-224
N41140;CO;2000;757-224
N19136;CO;1999;757-224
N14118;CO;1997;757-224
N13113;CO;1995;757-224
N14107;CO;1994;757-224
N21108;CO;1994;757-224
N17105;CO;1994;757-224
N33103;CO;1994;757-224
N39415;CO;2008;737-924ER
N47414;CO;;737-924ER
N73276;CO;2002;737-824
N18220;CO;1998;737-824
N54241;CO;1999;737-824
N38257;CO;2000;737-824
N34137;CO;1999;757-224
N19130;CO;1998;757-224
N76153;CO;2000;767-224
N73152;CO;2000;767-224
N76504;CO;2006;737-824
N57868;CO;2002;757-33N
N57864;CO;2001;757-33N
N33294;CO;2005;737-824
N72405;CO;2001;737-924
N77303;CO;1985;737-3TO
N78866;CO;2002;757-33N
N77865;CO;2002;757-33N
N17139;CO;2000;757-224
N67158;CO;2001;767-224
N78506;CO;2006;737-824
N13720;CO;1999;737-724
N13138;CO;1999;757-224
N33132;CO;1998;757-224
N16234;CO;1999;737-824
N78285;CO;2004;737-824
N77258;CO;2000;737-824
N69063;CO;2002;767-424ER
N11206;CO;2000;737-824
N37273;CO;2001;737-824
N77296;CO;2005;737-824
N12218;CO;1998;737-824
N17126;CO;1998;757-224
N14102;CO;1994;757-224
N37277;CO;2002;737-824
N35271;CO;2001;737-824
N17644;CO;1997;737-524
N19621;CO;1994;737-524
N39418;CO;2008;737-924ER
N37263;CO;2001;737-824
N33266;CO;2001;737-824
N73270;CO;2001;737-824
N76508;CO;2008;737-824
N27239;CO;1999;737-824
N37420;CO;;737-924ER
N39726;CO;1999;737-724
N37419;CO;2008;737-924ER
N87507;CO;;737-824
N77510;CO;;737-824
N33286;CO;2004;737-824
N67157;CO;2001;767-224
N76151;CO;2000;767-224
N23721;CO;1999;737-724
N13716;CO;1998;737-724
N77261;CO;2001;737-824
N37252;CO;2000;737-824
N24211;CO;1998;737-824
N37408;CO;2001;737-924
N31412;CO;2002;737-924
N37293;CO;2005;737-824
N33289;CO;2004;737-824
N73299;CO;2005;737-824
N24715;CO;1998;737-724
N33292;CO;;737-824
N73283;CO;2004;737-824
N69602;CO;1994;737-524
N24702;CO;1998;737-724
N27733;CO;1999;737-724
N14237;CO;1999;737-824
N16732;CO;1999;737-724
N75858;CO;2004;757-324
N10323;CO;1986;737-3TO
N16649;CO;1997;737-524
N14629;CO;1965;737-524
N24633;CO;1995;737-524
N39416;CO;2008;737-924ER
N12238;CO;1999;737-824
N33284;CO;2004;737-824
N73259;CO;2001;737-824
N14735;CO;1999;737-724
N76505;CO;;737-824
N37290;CO;2004;737-824
N16709;CO;1998;737-724
N33714;CO;1998;737-724
N14214;CO;1998;737-824
N37287;CO;2004;737-824
N17245;CO;1999;737-824
N37413;CO;;737-924ER
N26208;CO;2000;737-824
N27213;CO;1998;737-824
N35204;CO;2000;737-824
N76288;CO;2004;737-824
N68160;CO;2001;767-224
N38403;CO;2001;737-924
N68155;CO;2001;767-224
N78004;CO;1998;777-224
N13750;CO;1999;737-724
N69603;CO;1994;737-524
N14645;CO;1997;737-524
N12116;CO;1996;757-224
N33203;CO;2000;737-824
N27724;CO;1999;737-724
N52616;CO;1994;737-524
N14605;CO;1994;737-524
N32404;CO;2001;737-924
N75853;CO;2002;757-324
N75854;CO;2002;757-324
N19638;CO;1997;737-524
N24202;CO;2000;737-824
N36247;CO;1999;737-824
N24736;CO;1999;737-724
N16217;CO;1998;737-824
N14242;CO;1999;737-824
N17244;CO;1999;737-824
N12225;CO;1998;737-824
N69333;CO;1986;737-3TO
N14320;CO;1986;737-3TO
N17356;CO;1988;737-3TO
N12318;CO;1986;737-3TO
N17344;CO;1987;737-3TO
N14231;CO;1999;737-824
N24224;CO;1998;737-824
N37274;CO;2002;737-824
N14336;CO;1987;737-3TO
N76502;CO;2006;737-824
N59302;CO;1985;737-3TO
N12319;CO;1986;737-3TO
N73406;CO;2001;737-924
N37615;CO;1994;737-524
N14358;CO;1988;737-3TO
N16301;CO;1985;737-3TO
N32626;CO;1995;737-524
N33262;CO;2001;737-824
N18243;CO;1999;737-824
N14219;CO;1998;737-824
N59338;CO;1987;737-3TO
N17345;CO;1987;737-3TO
N24706;CO;1998;737-724
N37267;CO;2001;737-824
N73256;CO;2000;737-824
N14639;CO;1997;737-524
N14731;CO;1999;737-724
N23707;CO;1998;737-724
N14250;CO;1999;737-824
N17627;CO;1995;737-524
N17640;CO;1997;737-524
N12322;CO;1986;737-3TO
N37281;CO;2003;737-824
N14106;CO;1994;757-224
N58101;CO;1994;757-224
N61304;CO;1985;737-3TO
N78501;CO;2006;737-824
N54711;CO;1998;737-724
N17719;CO;1999;737-724
N36207;CO;2000;737-824
N75851;CO;2001;757-324
N57863;CO;2001;757-33N
N73275;CO;2002;737-824
N14628;CO;1995;737-524
N26123;CO;1997;757-224
N17104;CO;1994;757-224
N12109;CO;1994;757-224
N37253;CO;2000;737-824
N18611;CO;1994;737-524
N48127;CO;1998;757-224
N76269;CO;2001;737-824
N17233;CO;1999;737-824
N76254;CO;2000;737-824
N12313;CO;1985;737-3TO
N15710;CO;1998;737-724
N16632;CO;1995;737-524
N57852;CO;2001;757-324
N16703;CO;1998;737-724
N14652;CO;1998;737-524
N37255;CO;2000;737-824
N39297;CO;2005;737-824
N24729;CO;1999;737-724
N17730;CO;1999;737-724
N14308;CO;1985;737-3TO
N35407;CO;2001;737-924
N37409;CO;2001;737-924
N34282;CO;2004;737-824
N73278;CO;;737-824
N12125;CO;1998;757-224
N21723;CO;1999;737-724
N69311;CO;1985;737-3TO
N30401;CO;2001;737-924
N38417;CO;2008;737-924ER
N56859;CO;2004;757-324
N29717;CO;1999;737-724
N57855;CO;2004;757-324
N34131;CO;1998;757-224
N74856;CO;2004;757-324
N39728;CO;1999;737-724
N70352;CO;1987;737-3TO
N14341;CO;1987;737-3TO
N11651;CO;1997;737-524
N35260;CO;2001;737-824
N16701;CO;1998;737-724
N63305;CO;1985;737-3TO
N25705;CO;1998;737-724
N12221;CO;1998;737-824
N16713;CO;1998;737-724
N73291;CO;2004;737-824
N17229;CO;1999;737-824
N13718;CO;1999;737-724
N38268;CO;2001;737-824
N23708;CO;1998;737-724
N33264;CO;2001;737-824
N57869;CO;2002;757-33N
N14604;CO;1994;737-524
N13624;CO;1995;737-524
N14653;CO;1998;737-524
N57857;CO;2004;757-324
N75861;CO;2001;757-33N
N29129;CO;1998;757-224
N67134;CO;1999;757-224
N14324;CO;1986;737-3TO
N41135;CO;1999;757-224
N77867;CO;2002;757-33N
N13248;CO;1999;737-824
N12216;CO;1998;737-824
N14230;CO;1999;737-824
N16647;CO;1997;737-524
N37298;CO;2005;737-824
N27722;CO;1999;737-724
N19623;CO;1995;737-524
N26215;CO;1998;737-824
N14601;CO;1994;737-524
N24212;CO;1998;737-824
N76156;CO;2001;767-224
N17619;CO;1994;737-524
N18119;CO;1997;757-224
N69059;CO;2002;767-424ER
N73251;CO;2000;737-824
N36280;CO;2003;737-824
N78509;CO;2008;737-824
N14704;CO;1998;737-724
N14609;CO;1994;737-524
N15712;CO;1998;737-724
N14335;CO;1986;737-3TO
N58606;CO;1994;737-524
N16648;CO;1997;737-524
N46625;CO;1995;737-524
N36272;CO;2001;737-824
N38727;CO;1999;737-724
N27734;CO;1999;737-724
N76265;CO;2001;737-824
N27205;CO;2000;737-824
N79279;CO;2003;737-824
N3753;DL;2001;737-832
N675DL;DL;1992;757-232
N3757D;DL;2001;737-832
N659DL;DL;1990;757-232
N127DL;DL;1988;767-332
N3743H;DL;2001;737-832
N909DE;DL;1992;MD-88
N916DE;DL;1993;MD-88
N920DL;DL;1988;MD-88
N983DL;DL;1991;MD-88
N921DL;DL;1988;MD-88
N752AT;DL;1984;757-212
N709TW;DL;1997;757-2Q8
N710TW;DL;1997;757-2Q8
N713TW;DL;1997;757-2Q8
N3769L;DL;2002;737-832
N3760C;DL;2001;737-832
N3762Y;DL;2001;737-832
N951DL;DL;1990;MD-88
N918DE;DL;1993;MD-88
N939DL;DL;1989;MD-88
N3749D;DL;2001;737-832
N676DL;DL;1992;757-232
N632DL;DL;1987;757-232
N647DL;DL;1989;757-232
N144DA;DL;1999;767-332
N125DL;DL;1988;767-332
N67171;DL;2001;757-232
N693DL;DL;1998;757-232
N687DL;DL;1998;757-232
N961DL;DL;1990;MD-88
N988DL;DL;1991;MD-88
N6709;DL;2000;757-232
N639DL;DL;1988;757-232
N612DL;DL;1985;757-232
N1612T;DL;2001;767-332
N652DL;DL;1989;757-232
N6708D;DL;2000;757-232
N677DL;DL;1992;757-232
N649DL;DL;1989;757-232
N621DL;DL;1986;757-232
N681DA;DL;1993;757-232
N690DL;DL;1998;757-232
N617DL;DL;1986;757-232
N619DL;DL;1986;757-232
N382DA;DL;1999;737-832
N666DN;DL;1991;757-232
N915DL;DL;1988;MD-88
N834MH;DL;2000;767-432ER
N830MH;DL;2000;767-432ER
N828MH;DL;2000;767-432ER
N938DL;DL;1989;MD-88
N960DL;DL;1990;MD-88
N973DL;DL;1991;MD-88
N910DL;DL;1987;MD-88
N923DL;DL;1988;MD-88
N972DL;DL;1991;MD-88
N3750D;DL;2001;737-832
N3738B;DL;2000;737-832
N3742C;DL;2001;737-832
N389DA;DL;2000;737-832
N377DA;DL;1999;737-832
N660DL;DL;1990;757-232
N838MH;DL;2001;767-432ER
N900PC;DL;1997;757-26D
N721TW;DL;1999;757-231
N3752;DL;2001;737-832
N391DA;DL;2000;737-832
N6706Q;DL;2000;757-232
N665DN;DL;1991;757-232
N664DN;DL;1991;757-232
N646DL;DL;1989;757-232
N907DL;DL;1987;MD-88
N3754A;DL;2001;737-832
N386DA;DL;1999;737-832
N908DA;DL;1995;MD-90-30
N910DN;DL;1995;MD-90-30
N121DE;DL;1987;767-332
N6700;DL;1999;757-232
N139DL;DL;1992;767-332
N138DL;DL;1991;767-332
N626DL;DL;1987;757-232
N124DE;DL;1987;767-332
N905DA;DL;1995;MD-90-30
N903DA;DL;1995;MD-90-30
N135DL;DL;1991;767-332
N129DL;DL;1988;767-332
N380DA;DL;1999;737-832
N631DL;DL;1987;757-232
N912DL;DL;1987;MD-88
N931DL;DL;1988;MD-88
N985DL;DL;1991;MD-88
N636DL;DL;1988;757-232
N635DL;DL;1988;757-232
N668DN;DL;1991;757-232
N624DL;DL;1987;757-232
N833MH;DL;2000;767-432ER
N831MH;DL;2000;767-432ER
N6705Y;DL;2000;757-232
N654DL;DL;1990;757-232
N658DL;DL;1990;757-232
N618DL;DL;1986;757-232
N616DL;DL;1986;757-232
N126DL;DL;1988;767-332
N625DL;DL;1987;757-232
N663DN;DL;1991;757-232
N3735D;DL;2000;737-832
N757AT;DL;1984;757-212
N6716C;DL;2001;757-232
N6710E;DL;2000;757-232
N6701;DL;1999;757-232
N128DL;DL;1988;767-332
N641DL;DL;1988;757-232
N750AT;DL;1984;757-212
N6704Z;DL;2000;757-232
N683DA;DL;1993;757-232
N642DL;DL;1988;757-232
N674DL;DL;1992;757-232
N996DL;DL;1991;MD-88
N919DL;DL;1988;MD-88
N6711M;DL;2000;757-232
N656DL;DL;1990;757-232
N905DE;DL;1992;MD-88
N718TW;DL;1999;757-231
N395DN;DL;2000;737-832
N3744D;DL;1957;182A
N704X;DL;1997;757-2Q8
N962DL;DL;1990;MD-88
N3764D;DL;2001;737-832
N3745B;DL;2001;737-832
N906DL;DL;1987;MD-88
N603DL;DL;1984;757-232
N130DL;DL;1988;767-332
N137DL;DL;1991;767-332
N372DA;DL;1998;737-832
N3765;DL;2001;737-832
N3756;DL;2001;737-832
N829MH;DL;2000;767-432ER
N678DL;DL;1998;757-232
N751AT;DL;1984;757-212
N131DN;DL;1990;767-332
N684DA;DL;1993;757-232
N644DL;DL;1989;757-232
N3763D;DL;2001;737-832
N672DL;DL;1992;757-232
N378DA;DL;1999;737-832
N387DA;DL;2000;737-832
N3761R;DL;2001;737-832
N655DL;DL;1990;757-232
N6715C;DL;2001;757-232
N648DL;DL;1989;757-232
N608DA;DL;1985;757-232
N670DN;DL;1992;757-232
N1501P;DL;1990;767-3P6
N679DA;DL;1992;757-232
N3746H;DL;2001;737-832
N6702;DL;1999;757-232
N1613B;DL;2001;767-332
N1611B;DL;2000;767-332
N16065;DL;1999;767-332
N185DN;DL;1995;767-332
N196DN;DL;1997;767-332
N178DZ;DL;2000;767-332
N174DZ;DL;1998;767-332
N1608;DL;2000;767-332
N673DL;DL;1992;757-232
N947DL;DL;1989;MD-88
N925DL;DL;1988;MD-88
N832MH;DL;2000;767-432ER
N3740C;DL;2000;737-832
N930DL;DL;1988;MD-88
N993DL;DL;1991;MD-88
N936DL;DL;1989;MD-88
N904DE;DL;1992;MD-88
N3741S;DL;2001;737-832
N3730B;DL;2000;737-832
N662DN;DL;1991;757-232
N671DN;DL;1992;757-232
N634DL;DL;1988;757-232
N667DN;DL;1991;757-232
N136DL;DL;1991;767-332
N627DL;DL;1987;757-232
N957DL;DL;1990;MD-88
N992DL;DL;1991;MD-88
N999DN;DL;1992;MD-88
N37700;DL;2002;737-832
N3748Y;DL;2001;737-832
N3758Y;DL;2001;737-832
N3747D;DL;2001;737-832
N3737C;DL;2000;737-832
N3755D;DL;2001;737-832
N933DL;DL;1989;MD-88
N982DL;DL;1991;MD-88
N932DL;DL;1989;MD-88
N926DL;DL;1988;MD-88
N904DL;DL;1987;MD-88
N981DL;DL;1991;MD-88
N950DL;DL;1990;MD-88
N3732J;DL;2000;737-832
N987DL;DL;1991;MD-88
N998DL;DL;1992;MD-88
N3768;DL;2002;737-832
N903DE;DL;1992;MD-88
N978DL;DL;1991;MD-88
N3733Z;DL;2000;737-832
N385DN;DL;1999;737-832
N685DA;DL;1995;757-232
N6703D;DL;2000;757-232
N615DL;DL;1986;757-232
N717TW;DL;1999;757-231
N989DL;DL;1991;MD-88
N977DL;DL;1991;MD-88
N909DL;DL;1987;MD-88
N3751B;DL;2001;737-832
N914DL;DL;1988;MD-88
N917DL;DL;1988;MD-88
N964DL;DL;1990;MD-88
N396DA;DL;2000;737-832
N383DN;DL;1999;737-832
N371DA;DL;1998;737-832
N633DL;DL;1987;757-232
N630DL;DL;1987;757-232
N669DN;DL;1991;757-232
N907DE;DL;1992;MD-88
N645DL;DL;1989;757-232
N653DL;DL;1990;757-232
N934DL;DL;1989;MD-88
N955DL;DL;1990;MD-88
N661DN;DL;1990;757-232
N640DL;DL;1988;757-232
N722TW;DL;1999;757-231
N946DL;DL;1989;MD-88
N963DL;DL;1990;MD-88
N913DL;DL;1988;MD-88
N686DA;DL;1995;757-232
N688DL;DL;1998;757-232
N689DL;DL;1998;757-232
N945DL;DL;1989;MD-88
N901DE;DL;1992;MD-88
N954DL;DL;1990;MD-88
N900DE;DL;1992;MD-88
N944DL;DL;1989;MD-88
N692DL;DL;1998;757-232
N924DL;DL;1988;MD-88
N657DL;DL;1990;757-232
N637DL;DL;1988;757-232
N6714Q;DL;2000;757-232
N398DA;DL;2000;737-832
N376DA;DL;1999;737-832
N949DL;DL;1990;MD-88
N909DA;DL;1995;MD-90-30
N698DL;DL;1999;757-232
N699DL;DL;1999;757-232
N609DL;DL;1985;757-232
N927DA;DL;1988;MD-88
N6707A;DL;2000;757-232
N906DE;DL;1992;MD-88
N394DA;DL;2000;737-832
N920DE;DL;1993;MD-88
N6712B;DL;2000;757-232
N912DN;DL;1996;MD-90-30
N623DL;DL;1987;757-232
N622DL;DL;1986;757-232
N942DL;DL;1989;MD-88
N979DL;DL;1991;MD-88
N629DL;DL;1987;757-232
N948DL;DL;1989;MD-88
N952DL;DL;1990;MD-88
N901DA;DL;1995;MD-90-30
N943DL;DL;1989;MD-88
N975DL;DL;1991;MD-88
N958DL;DL;1990;MD-88
N976DL;DL;1991;MD-88
N991DL;DL;1991;MD-88
N994DL;DL;1991;MD-88
N916DL;DL;1988;MD-88
N995DL;DL;1991;MD-88
N928DL;DL;1988;MD-88
N941DL;DL;1989;MD-88
N986DL;DL;1991;MD-88
N953DL;DL;1990;MD-88
N997DL;DL;1992;MD-88
N917DE;DL;1993;MD-88
N918DL;DL;1988;MD-88
N969DL;DL;1990;MD-88
N651DL;DL;1989;757-232
N643DL;DL;1989;757-232
N984DL;DL;1991;MD-88
N628DL;DL;1987;757-232
N904DA;DL;1995;MD-90-30
N914DN;DL;1996;MD-90-30
N902DA;DL;1994;MD-90-30
N3767;DL;2001;737-832
N6713Y;DL;2000;757-232
N959DL;DL;1990;MD-88
N397DA;DL;2000;737-832
N379DA;DL;1999;737-832
N143DA;DL;1998;767-332
N140LL;DL;1993;767-332
N697DL;DL;1999;757-232
N911DL;DL;1987;MD-88
N902DE;DL;1992;MD-88
N919DE;DL;1993;MD-88
N935DL;DL;1989;MD-88
N610DL;DL;1985;757-232
N682DA;DL;1993;757-232
N3736C;DL;2000;737-832
N3731T;DL;2000;737-832
N974DL;DL;1991;MD-88
N980DL;DL;1991;MD-88
N990DL;DL;1991;MD-88
N392DA;DL;2000;737-832
N374DA;DL;1998;737-832
N390DA;DL;2000;737-832
N175DN;DL;1990;767-332
N393DA;DL;2000;737-832
N906DA;DL;1995;MD-90-30
N916DN;DL;1996;MD-90-30
N907DA;DL;1995;MD-90-30
N915DN;DL;1996;MD-90-30
N3759;DL;2001;737-832
N399DA;DL;2000;737-832
N956DL;DL;1990;MD-88
N913DN;DL;1996;MD-90-30
N375DA;DL;1998;737-832
N911DA;DL;1995;MD-90-30
N384DA;DL;1999;737-832
N937DL;DL;1989;MD-88
N388DA;DL;2000;737-832
N3734B;DL;2000;737-832
N922DL;DL;1988;MD-88
N940DL;DL;1989;MD-88
N965DL;DL;1990;MD-88
N913DE;DL;1993;MD-88
N911DE;DL;1992;MD-88
N910DE;DL;1992;MD-88
N915DE;DL;1993;MD-88
N914DE;DL;1993;MD-88
N908DE;DL;1992;MD-88
N604DL;DL;1984;757-232
N908DL;DL;1987;MD-88
N1402A;DL;1993;767-332
N3771K;DL;2002;737-832
N373DA;DL;1998;737-832
N602DL;DL;1984;757-232
N705TW;DL;1997;757-231
N680DA;DL;1992;757-232
N681BR;EV;2002;CL-600-2B19
N708EV;EV;2002;CL-600-2C10
N931EV;EV;2005;CL-600-2B19
N718EV;EV;2003;CL-600-2C10
N710EV;EV;2002;CL-600-2C10
N748EV;EV;2004;CL-600-2C10
N751EV;EV;2004;CL-600-2C10
N758EV;EV;2005;CL-600-2C10
N874AS;EV;2001;CL-600-2B19
N902EV;EV;2002;CL-600-2B19
N847AS;EV;1999;CL-600-2B19
N317CA;EV;2002;CL-600-2C10
N981EV;EV;2003;CL-600-2B19
N851AS;EV;1999;CL-600-2B19
N686BR;EV;2003;CL-600-2B19
N740EV;EV;2004;CL-600-2C10
N682BR;EV;2002;CL-600-2B19
N825AS;EV;1997;CL-600-2B19
N908EV;EV;2002;CL-600-2B19
N834AS;EV;1998;CL-600-2B19
N839AS;EV;1999;CL-600-2B19
N929EV;EV;2004;CL-600-2B19
N920EV;EV;2003;CL-600-2B19
N974EV;EV;2001;CL-600-2B19
N823AS;EV;1997;CL-600-2B19
N376CA;EV;2003;CL-600-2C10
N970EV;EV;2001;CL-600-2B19
N867AS;EV;2000;CL-600-2B19
N824AS;EV;1997;CL-600-2B19
N919EV;EV;2003;CL-600-2B19
N903EV;EV;2002;CL-600-2B19
N928EV;EV;2004;CL-600-2B19
N923EV;EV;2003;CL-600-2B19
N738EV;EV;2004;CL-600-2C10
N707EV;EV;2002;CL-600-2C10
N722EV;EV;2003;CL-600-2C10
N883AS;EV;2001;CL-600-2B19
N905EV;EV;2002;CL-600-2B19
N885AS;EV;2001;CL-600-2B19
N724EV;EV;2004;CL-600-2C10
N925EV;EV;2003;CL-600-2B19
N904EV;EV;2002;CL-600-2B19
N932EV;EV;2005;CL-600-2B19
N868AS;EV;2001;CL-600-2B19
N937EV;EV;2005;CL-600-2B19
N980EV;EV;2003;CL-600-2B19
N842AS;EV;1999;CL-600-2B19
N870AS;EV;2001;CL-600-2B19
N840AS;EV;1999;CL-600-2B19
N858AS;EV;2000;CL-600-2B19
N889AS;EV;2001;CL-600-2B19
N759EV;EV;2005;CL-600-2C10
N936EV;EV;2005;CL-600-2B19
N853AS;EV;2000;CL-600-2B19
N841AS;EV;1999;CL-600-2B19
N972EV;EV;2001;CL-600-2B19
N827AS;EV;1997;CL-600-2B19
N754EV;EV;2004;CL-600-2C10
N755EV;EV;;CL-600-2C10
N640AS;EV;1994;ATR-72-212
N642AS;EV;1994;ATR-72-212
N921EV;EV;2003;CL-600-2B19
N884AS;EV;2001;CL-600-2B19
N636AS;EV;;ATR 72-212
N872AS;EV;2001;CL-600-2B19
N719EV;EV;2003;CL-600-2C10
N849AS;EV;1999;CL-600-2B19
N860AS;EV;2000;CL-600-2B19
N971EV;EV;2001;CL-600-2B19
N723EV;EV;2004;CL-600-2C10
N848AS;EV;1999;CL-600-2B19
N880AS;EV;2002;CL-600-2B19
N355CA;EV;2002;CL-600-2C10
N720EV;EV;2003;CL-600-2C10
N933EV;EV;2005;CL-600-2B19
N917EV;EV;2003;CL-600-2B19
N926EV;EV;2003;CL-600-2B19
N354CA;EV;2002;CL-600-2C10
N379CA;EV;2003;CL-600-2C10
N659CA;EV;2004;CL-600-2C10
N821AS;EV;1997;CL-600-2B19
N837AS;EV;1998;CL-600-2B19
N977EV;EV;2002;CL-600-2B19
N833AS;EV;1998;CL-600-2B19
N760EV;EV;2005;CL-600-2C10
N855AS;EV;2000;CL-600-2B19
N859AS;EV;2000;CL-600-2B19
N643AS;EV;1994;ATR-72-212
N635AS;EV;;ATR 72-212
N979EV;EV;2003;CL-600-2B19
N836AS;EV;1998;CL-600-2B19
N922EV;EV;2003;CL-600-2B19
N907EV;EV;;CL-600-2B19
N901EV;EV;2002;CL-600-2B19
N877AS;EV;2001;CL-600-2B19
N850AS;EV;1999;CL-600-2B19
N709EV;EV;2002;CL-600-2C10
N730EV;EV;2004;CL-600-2C10
N900EV;EV;2002;CL-600-2B19
N873AS;EV;2001;CL-600-2B19
N753EV;EV;2004;CL-600-2C10
N879AS;EV;2002;CL-600-2B19
N641AS;EV;1994;ATR-72-212
N852AS;EV;;CL-600-2B19
N844AS;EV;1999;CL-600-2B19
N838AS;EV;1998;CL-600-2B19
N845AS;EV;1999;CL-600-2B19
N930EV;EV;;CL-600-2B19
N927EV;EV;2003;CL-600-2B19
N881AS;EV;2001;CL-600-2B19
N976EV;EV;2001;CL-600-2B19
N886AS;EV;2001;CL-600-2B19
N861AS;EV;2000;CL-600-2B19
N752EV;EV;;CL-600-2C10
N829AS;EV;1998;CL-600-2B19
N331CA;EV;2002;CL-600-2C10
N717EV;EV;2003;CL-600-2C10
N906EV;EV;;CL-600-2B19
N909EV;EV;2002;CL-600-2B19
N935EV;EV;2005;CL-600-2B19
N835AS;EV;1998;CL-600-2B19
N914EV;EV;2003;CL-600-2B19
N832AS;EV;1998;CL-600-2B19
N973EV;EV;2002;CL-600-2B19
N830AS;EV;1998;CL-600-2B19
N684BR;EV;2002;CL-600-2B19
N857AS;EV;2000;CL-600-2B19
N744EV;EV;2004;CL-600-2C10
N716EV;EV;2003;CL-600-2C10
N882AS;EV;2001;CL-600-2B19
N875AS;EV;2001;CL-600-2B19
N876AS;EV;2001;CL-600-2B19
N924EV;EV;2003;CL-600-2B19
N390CA;EV;2003;CL-600-2C10
N741EV;EV;2004;CL-600-2C10
N843AS;EV;1999;CL-600-2B19
N680BR;EV;2002;CL-600-2B19
N683BR;EV;2002;CL-600-2B19
N934EV;EV;2005;CL-600-2B19
N750EV;EV;2004;CL-600-2C10
N978EV;EV;2002;CL-600-2B19
N878AS;EV;2002;CL-600-2B19
N905FR;F9;2001;A319-111
N930FR;F9;2004;A319-111
N940FR;F9;;A319-111
N931FR;F9;2004;A319-111
N915FR;F9;2002;A319-112
N928FR;F9;2004;A319-111
N924FR;F9;2003;A319-111
N933FR;F9;2004;A319-111
N945FR;F9;2006;A319-111
N925FR;F9;2004;A319-111
N935FR;F9;2004;A319-111
N801FR;F9;2003;A318-111
N802FR;F9;2003;A318-111
N805FR;F9;2004;A318-111
N902FR;F9;2001;A319-111
N918FR;F9;2003;A319-111
N806FR;F9;2004;A318-111
N908FR;F9;2002;A319-111
N923FR;F9;2003;A319-111
N926FR;F9;2004;A319-111
N919FR;F9;2003;A319-111
N809FR;F9;2007;A318-111
N904FR;F9;2001;A319-111
N939FR;F9;2005;A319-111
N807FR;F9;2004;A318-111
N942FR;F9;2005;A319-111
N812FR;F9;2007;A318-111
N804FR;F9;2003;A318-111
N946FR;F9;2006;A319-111
N808FR;F9;2007;A318-111
N810FR;F9;2007;A318-111
N937FR;F9;2005;A319-111
N912FR;F9;2002;A319-111
N948FR;F9;2006;A319-111
N934FR;F9;2004;A319-111
N906FR;F9;2002;A319-111
N947FR;F9;2006;A319-111
N803FR;F9;2003;A318-111
N929FR;F9;2004;A319-111
N922FR;F9;2003;A319-111
N913FR;F9;2002;A319-112
N916FR;F9;2002;A319-112
N938FR;F9;2005;A319-111
N936FR;F9;2005;A319-111
N941FR;F9;2005;A319-112
N921FR;F9;2003;A319-111
N910FR;F9;2002;A319-112
N949FR;F9;2006;A319-111
N927FR;F9;2004;A319-111
N914FR;F9;2002;A319-111
N943FR;F9;2005;A319-112
N201FR;F9;;A320-214
N202FR;F9;2008;A320-214
N965AT;FL;2001;717-200
N930AT;FL;2000;717-200
N919AT;FL;2001;717-200
N149AT;FL;2004;737-76N
N316AT;FL;2007;737-7BD
N126AT;FL;2004;737-76N
N288AT;FL;2006;737-7BD
N169AT;FL;2004;737-76N
N300AT;FL;2006;737-7BD
N328AT;FL;;737-7BD
N276AT;FL;2005;737-76N
N337AT;FL;2008;737-7BD
N307AT;FL;2006;737-7BD
N330AT;FL;2007;737-7BD
N972AT;FL;2001;717-200
N922AT;FL;2005;717-200
N934AT;FL;2000;717-200
N994AT;FL;2002;717-200
N892AT;FL;2004;717-200
N952AT;FL;2000;717-200
N329AT;FL;2007;737-7BD
N273AT;FL;2005;737-76N
N167AT;FL;2004;737-7BD
N326AT;FL;2007;737-7BD
N267AT;FL;2005;737-7BD
N173AT;FL;2004;737-76N
N992AT;FL;2002;717-200
N969AT;FL;2001;717-200
N950AT;FL;2000;717-200
N996AT;FL;2002;717-200
N983AT;FL;;717-200
N281AT;FL;2006;737-7BD
N344AT;FL;2008;737-7BD
N982AT;FL;2002;717-200
N971AT;FL;2001;717-200
N998AT;FL;2002;717-200
N272AT;FL;2005;737-7BD
N308AT;FL;2006;737-7BD
N979AT;FL;2002;717-200
N921AT;FL;2000;717-200
N995AT;FL;2002;717-200
N291AT;FL;2006;737-76N
N278AT;FL;2005;737-76N
N336AT;FL;2008;737-7BD
N279AT;FL;2005;737-76N
N287AT;FL;2006;737-76N
N312AT;FL;2006;737-7BD
N920AT;FL;2000;717-200
N985AT;FL;2001;717-200
N949AT;FL;1999;717-200
N166AT;FL;2004;737-7BD
N299AT;FL;2006;737-76N
N284AT;FL;2006;737-76N
N955AT;FL;2000;717-200
N928AT;FL;2000;717-200
N894AT;FL;2004;717-200
N990AT;FL;2001;717-200
N978AT;FL;2002;717-200
N968AT;FL;2001;717-200
N980AT;FL;2002;717-200
N338AT;FL;2008;737-7BD
N168AT;FL;2004;737-76N
N296AT;FL;2006;737-7BD
N961AT;FL;2001;717-200
N953AT;FL;2000;717-200
N944AT;FL;1999;717-200
N970AT;FL;2001;717-200
N935AT;FL;2000;717-200
N989AT;FL;2001;717-200
N997AT;FL;2002;717-200
N959AT;FL;2001;717-200
N977AT;FL;2002;717-200
N933AT;FL;2000;717-200
N947AT;FL;1999;717-200
N986AT;FL;2001;717-200
N906AT;FL;2001;717-200
N945AT;FL;1999;717-200
N899AT;FL;2005;717-200
N993AT;FL;2002;717-200
N313AT;FL;2007;737-7BD
N318AT;FL;2007;737-7BD
N311AT;FL;2006;737-7BD
N926AT;FL;2000;717-200
N938AT;FL;;717-200
N925AT;FL;2000;717-200
N175AT;FL;2004;737-76N
N184AT;FL;2005;737-76N
N966AT;FL;2001;717-200
N315AT;FL;2007;737-7BD
N292AT;FL;2006;737-7BD
N289AT;FL;2006;737-76N
N240AT;FL;2005;737-76N
N290AT;FL;2006;737-7BD
N929AT;FL;2000;717-200
N923AT;FL;2005;717-200
N960AT;FL;2001;717-200
N942AT;FL;1999;717-200
N717JL;FL;2002;717-200
N936AT;FL;1999;717-200
N967AT;FL;2001;717-200
N927AT;FL;;717-200
N987AT;FL;2001;717-200
N176AT;FL;2005;737-76N
N309AT;FL;2006;737-7BD
N283AT;FL;2006;737-7BD
N956AT;FL;2000;717-200
N891AT;FL;2004;717-200
N940AT;FL;1999;717-200
N991AT;FL;;717-200
N954AT;FL;2000;717-200
N948AT;FL;1999;717-200
N964AT;FL;2001;717-200
N988AT;FL;2001;717-200
N895AT;FL;2004;717-200
N951AT;FL;2000;717-200
N958AT;FL;2001;717-200
N974AT;FL;2002;717-200
N939AT;FL;;717-200
N603AT;FL;2001;717-200
N932AT;FL;2000;717-200
N957AT;FL;2000;717-200
N943AT;FL;1999;717-200
N261AT;FL;2005;737-76N
N910AT;FL;2001;717-200
N915AT;FL;2001;717-200
N937AT;FL;2001;717-200
N896AT;FL;2005;717-200
N285AT;FL;2006;737-76N
N946AT;FL;1999;717-200
N893AT;FL;2004;717-200
N981AT;FL;2002;717-200
N924AT;FL;2000;717-200
N975AT;FL;2002;717-200
N963AT;FL;2001;717-200
N174AT;FL;2004;737-76N
N295AT;FL;2006;737-76N
N475HA;HA;2001;717-200
N594HA;HA;1986;767-332
N585HA;HA;;767-3G5
N596HA;HA;1986;767-332
N592HA;HA;2003;767-3CB
N583HA;HA;;767-33A
N584HA;HA;;767-3G5
N593HA;HA;2003;767-33A
N582HA;HA;2001;767-33A
N598HA;HA;1986;767-332
N581HA;HA;2001;767-33A
N588HA;HA;2002;767-3CB
N591HA;HA;2003;767-33A
N587HA;HA;2002;767-33A
N597HA;HA;1986;767-332
N589HA;HA;2002;767-33A
N590HA;HA;2002;767-3CB
N586HA;HA;;767-3G5
N477HA;HA;2001;717-200
N486HA;HA;2001;717-200
N478HA;HA;2001;717-200
N487HA;HA;2001;717-200
N481HA;HA;2001;717-200
N484HA;HA;2001;717-200
N479HA;HA;2001;717-200
N476HA;HA;2001;717-200
N480HA;HA;2001;717-200
N595NW;NW;2003;757-351
N358NW;NW;1998;A320-212
N338NW;NW;1992;A320-212
N353NB;NW;2002;A319-114
N818NW;NW;2007;A330-323
N331NW;NW;1992;A320-211
N771NC;NW;1978;DC-9-51
N784NC;NW;1980;DC-9-51
N785NC;NW;1980;DC-9-51
N779NC;NW;1979;DC-9-51
N324US;NW;1992;A320-211
N361NW;NW;1998;A320-212
N367NW;NW;1999;A320-212
N337NW;NW;1992;A320-212
N309US;NW;1990;A320-211
N372NW;NW;2001;A320-212
N356NW;NW;1998;A320-212
N376NW;NW;2002;A320-212
N351NW;NW;1997;A320-212
N350NA;NW;1993;A320-212
N335NW;NW;1992;A320-212
N353NW;NW;1998;A320-212
N325US;NW;1992;A320-211
N502US;NW;1985;757-251
N554NW;NW;2001;757-251
N592NW;NW;2003;757-351
N504US;NW;1987;757-251
N365NW;NW;1999;A320-212
N342NW;NW;1993;A320-212
N374NW;NW;2001;A320-212
N352NW;NW;1998;A320-212
N503US;NW;1985;757-251
N8986E;NW;1969;DC-9-31
N357NB;NW;2002;A319-114
N366NB;NW;2003;A319-114
N676MC;NW;1975;DC-9-51
N370NW;NW;1999;A320-212
N347NB;NW;2002;A319-114
N326NB;NW;2001;A319-114
N371NW;NW;2001;A320-212
N369NW;NW;1999;A320-212
N1332U;NW;1969;DC-9-31
N768NC;NW;1977;DC-9-51
N925US;NW;;DC-9-32
N772NC;NW;1978;DC-9-51
N786NC;NW;1980;DC-9-51
N773NC;NW;1978;DC-9-51
N780NC;NW;1979;DC-9-51
N355NB;NW;2002;A319-114
N613NW;NW;1969;DC-9-32
N967N;NW;1973;DC-9-32
N8944E;NW;1968;DC-9-31
N401EA;NW;1975;DC-9-51
N8926E;NW;1967;DC-9-31
N987US;NW;1971;DC-9-32
N343NB;NW;2002;A319-114
N302NB;NW;1999;A319-114
N321NB;NW;2001;A319-114
N369NB;NW;2003;A319-114
N322NB;NW;2001;A319-114
N334NB;NW;2002;A319-114
N344NB;NW;2002;A319-114
N320NB;NW;2000;A319-114
N360NB;NW;2003;A319-114
N315NB;NW;2000;A319-114
N589NW;NW;2003;757-351
N594NW;NW;2003;757-351
N588NW;NW;2003;757-351
N591NW;NW;2003;757-351
N596NW;NW;2003;757-351
N586NW;NW;2002;757-351
N587NW;NW;2002;757-351
N530US;NW;1988;757-251
N529US;NW;1987;757-251
N531US;NW;1988;757-251
N593NW;NW;2003;757-351
N584NW;NW;2002;757-351
N332NB;NW;2001;A319-114
N345NB;NW;;A319-114
N368NB;NW;2003;A319-114
N365NB;NW;2003;A319-114
N357NW;NW;1998;A320-212
N313US;NW;1990;A320-211
N317US;NW;1991;A320-211
N319NB;NW;2000;A319-114
N340NB;NW;2002;A319-114
N339NB;NW;2002;A319-114
N339NW;NW;1992;A320-212
N315US;NW;1991;A320-211
N348NW;NW;1993;A320-212
N343NW;NW;1993;A320-212
N347NW;NW;1993;A320-212
N362NW;NW;1998;A320-212
N349NB;NW;2002;A319-114
N371NB;NW;2003;A319-114
N338NB;NW;2002;A319-114
N316NB;NW;2000;A319-114
N329NB;NW;2001;A319-114
N321US;NW;1992;A320-211
N301US;NW;1989;A320-211
N314US;NW;1991;A320-211
N329NW;NW;1992;A320-211
N373NW;NW;2001;A320-212
N359NW;NW;1998;A320-212
N521US;NW;1986;757-251
N516US;NW;1986;757-251
N583NW;NW;2002;757-351
N506US;NW;1985;757-251
N518US;NW;1986;757-251
N526US;NW;1987;757-251
N514US;NW;1986;757-251
N752NW;NW;1968;DC-9-41
N759NW;NW;1968;DC-9-41
N582NW;NW;2002;757-351
N585NW;NW;2002;757-351
N590NW;NW;2003;757-351
N341NW;NW;1992;A320-212
N314NB;NW;2000;A319-114
N311US;NW;1990;A320-211
N368NW;NW;1999;A320-212
N377NW;NW;2003;A320-211
N532US;NW;1988;757-251
N364NB;NW;2003;A319-114
N342NB;NW;2002;A319-114
N336NB;NW;2002;A319-114
N335NB;NW;2002;A319-114
N8921E;NW;1967;DC-9-31
N333NW;NW;1992;A320-211
N327NW;NW;1992;A320-211
N332NW;NW;1992;A320-211
N360NW;NW;1998;A320-212
N318US;NW;1991;A320-211
N349NW;NW;1996;A320-212
N322US;NW;1992;A320-211
N8923E;NW;1967;DC-9-31
N762NW;NW;1969;DC-9-41
N675MC;NW;1975;DC-9-51
N517US;NW;1986;757-251
N345NW;NW;1993;A320-212
N344NW;NW;1993;A320-212
N334NW;NW;1992;A320-212
N337NB;NW;2002;A319-114
N522US;NW;1987;757-251
N527US;NW;1987;757-251
N764NC;NW;1976;DC-9-51
N770NC;NW;1978;DC-9-51
N8978E;NW;1968;DC-9-31
N751NW;NW;1968;DC-9-41
N8933E;NW;1967;DC-9-31
N776NC;NW;1979;DC-9-51
N769NC;NW;1978;DC-9-51
N319US;NW;1991;A320-211
N782NC;NW;1980;DC-9-51
N783NC;NW;1979;DC-9-51
N364NW;NW;1999;A320-212
N528US;NW;1987;757-251
N556NW;NW;2002;757-251
N534US;NW;1988;757-251
N557NW;NW;2002;757-251
N766NC;NW;1977;DC-9-51
N363NB;NW;2003;A319-114
N326US;NW;1992;A320-211
N945N;NW;1975;DC-9-32
N9333;NW;1968;DC-9-31
N600TR;NW;1979;DC-9-51
N670MC;NW;1976;DC-9-51
N363NW;NW;1998;A320-212
N312US;NW;1990;A320-211
N375NC;NW;2002;A320-212
N553NW;NW;2001;757-251
N551NW;NW;2001;757-251
N765NC;NW;1976;DC-9-51
N778NC;NW;1979;DC-9-51
N533US;NW;1988;757-251
N581NW;NW;2002;757-351
N366NW;NW;1999;A320-212
N501US;NW;1985;757-251
N328NW;NW;1992;A320-211
N378NW;NW;2003;A320-211
N320US;NW;1991;A320-211
N355NW;NW;1998;A320-212
N519US;NW;1986;757-251
N323NB;NW;2001;A319-114
N325NB;NW;2001;A319-114
N926NW;NW;1970;DC-9-32
N1309T;NW;1968;DC-9-31
N787NC;NW;1980;DC-9-51
N677MC;NW;1977;DC-9-51
N3324L;NW;1967;DC-9-32
N1799U;NW;1969;DC-9-31
N354NW;NW;1998;A320-212
N781NC;NW;1979;DC-9-51
N760NW;NW;1968;DC-9-41
N755NW;NW;1968;DC-9-41
N763NW;NW;1969;DC-9-41
N8929E;NW;1967;DC-9-31
N8928E;NW;1967;DC-9-31
N777NC;NW;1979;DC-9-51
N324NB;NW;2001;A319-114
N316US;NW;1991;A320-211
N359NB;NW;2003;A319-114
N370NB;NW;2003;A319-114
N327NB;NW;2001;A319-114
N358NB;NW;2003;A319-114
N8925E;NW;1967;DC-9-31
N915RW;NW;1967;DC-9-31
N8945E;NW;1968;DC-9-31
N310NW;NW;1990;A320-211
N523US;NW;1987;757-251
N341NB;NW;2002;A319-114
N346NB;NW;2002;A319-114
N361NB;NW;2003;A319-114
N923RW;NW;1968;DC-9-31
N760NC;NW;1976;DC-9-51
N348NB;NW;2002;A319-114
N318NB;NW;2000;A319-114
N774NC;NW;1978;DC-9-51
N767NC;NW;1977;DC-9-51
N808NW;NW;2004;A330-323
N802NW;NW;2003;A330-323
N9338;NW;1969;DC-9-31
N762NC;NW;1976;DC-9-51
N333NB;NW;2001;A319-114
N317NB;NW;2000;A319-114
N785CA;OH;1999;CL-600-2B19
N989CA;OH;1998;CL-600-2B19
N554CA;OH;2008;CL600-2D24
N549CA;OH;2008;CL600-2D24
N679CA;OH;2007;CL600-2D24
N538CA;OH;2008;CL600-2D24
N548CA;OH;2008;CL600-2D24
N642CA;OH;2003;CL-600-2C10
N932CA;OH;1994;CL-600-2B19
N693CA;OH;2006;CL600-2D24
N676CA;OH;2007;CL600-2D24
N691CA;OH;2007;CL600-2D24
N669CA;OH;2004;CL-600-2C10
N582CA;OH;2008;CL600-2D24
N625CA;OH;2003;CL-600-2C10
N806CA;OH;;CL-600-2B19
N528CA;OH;2003;CL-600-2B19
N807CA;OH;1999;CL-600-2B19
N408CA;OH;2000;CL-600-2B19
N443CA;OH;2001;CL-600-2B19
N591SW;OH;1995;CL-600-2B19
N941CA;OH;1994;CL-600-2B19
N597SW;OH;1999;CL-600-2B19
N655CA;OH;;CL-600-2C10
N653CA;OH;2003;CL-600-2C10
N641CA;OH;2003;CL-600-2C10
N369CA;OH;2003;CL-600-2C10
N819CA;OH;2000;CL-600-2B19
N924CA;OH;1993;CL-600-2B19
N678CA;OH;2007;CL600-2D24
N914CA;OH;1993;CL-600-2B19
N810CA;OH;2000;CL-600-2B19
N927CA;OH;1993;CL-600-2B19
N926CA;OH;1993;CL-600-2B19
N590SW;OH;1995;CL-600-2B19
N796CA;OH;1999;CL-600-2B19
N812CA;OH;2000;CL-600-2B19
N957CA;OH;1996;CL-600-2B19
N526CA;OH;2003;CL-600-2B19
N659BR;OH;2001;CL-600-2B19
N797CA;OH;1999;CL-600-2B19
N455CA;OH;2002;CL-600-2B19
N915CA;OH;1993;CL-600-2B19
N716CA;OH;1998;CL-600-2B19
N964CA;OH;1996;CL-600-2B19
N587SW;OH;1995;CL-600-2B19
N689CA;OH;2007;CL600-2D24
N436CA;OH;2001;CL-600-2B19
N781CA;OH;1999;CL-600-2B19
N814CA;OH;2000;CL-600-2B19
N685BR;OH;2002;CL-600-2B19
N972CA;OH;1966;PA-28-180
N713CA;OH;1998;CL-600-2B19
N427CA;OH;2000;CL-600-2B19
N960CA;OH;1996;CL-600-2B19
N936CA;OH;1994;CL-600-2B19
N940CA;OH;1994;CL-600-2B19
N595SW;OH;1999;CL-600-2B19
N931CA;OH;1994;CL-600-2B19
N695CA;OH;2006;CL600-2D24
N391CA;OH;2003;CL-600-2C10
N656CA;OH;2004;CL-600-2C10
N690CA;OH;;CL-600-2C10
N658CA;OH;2004;CL-600-2C10
N912CA;OH;1993;CL-600-2B19
N712CA;OH;1998;CL-600-2B19
N959CA;OH;1996;CL-600-2B19
N447CA;OH;2001;CL-600-2B19
N721CA;OH;1998;CL-600-2B19
N398CA;OH;2003;CL-600-2C10
N798CA;OH;1999;CL-600-2B19
N720SW;OH;1999;CL-600-2B19
N739CA;OH;1998;CL-600-2B19
N371CA;OH;2003;CL-600-2C10
N446CA;OH;;CL-600-2B19
N435CA;OH;2001;CL-600-2B19
N962CA;OH;1996;CL-600-2B19
N967CA;OH;1996;CL-600-2B19
N805CA;OH;1999;CL-600-2B19
N920CA;OH;1993;CL-600-2B19
N958CA;OH;1996;CL-600-2B19
N963CA;OH;1996;CL-600-2B19
N629BR;OH;1998;CL-600-2B19
N518CA;OH;2003;CL-600-2B19
N966CA;OH;1996;CL-600-2B19
N916CA;OH;1993;CL-600-2B19
N451CA;OH;2001;CL-600-2B19
N675BR;OH;2002;CL-600-2B19
N430CA;OH;2000;CL-600-2B19
N594SW;OH;1999;CL-600-2B19
N378CA;OH;2003;CL-600-2C10
N954CA;OH;1995;CL-600-2B19
N918CA;OH;1993;CL-600-2B19
N692CA;OH;2006;CL600-2D24
N965CA;OH;1996;CL-600-2B19
N420CA;OH;2000;CL-600-2B19
N710CA;OH;1998;CL-600-2B19
N809CA;OH;2000;CL-600-2B19
N374CA;OH;;CL-600-2C10
N786CA;OH;1999;CL-600-2B19
N589SW;OH;1995;CL-600-2B19
N937CA;OH;1994;CL-600-2B19
N815CA;OH;2000;CL-600-2B19
N917CA;OH;1993;CL-600-2B19
N929CA;OH;1993;CL-600-2B19
N409CA;OH;2000;CL-600-2B19
N938CA;OH;1994;CL-600-2B19
N818CA;OH;2000;CL-600-2B19
N956CA;OH;1996;CL-600-2B19
N477CA;OH;2002;CL-600-2B19
N868CA;OH;2000;CL-600-2B19
N523CA;OH;2003;CL-600-2B19
N442CA;OH;2001;CL-600-2B19
N821SK;OO;2007;CL600-2D24
N299SW;OO;1997;EMB-120ER
N565SW;OO;1998;EMB-120
N233SW;OO;1995;EMB-120ER
N292UX;OO;1994;EMB-120ER
N907SW;OO;2001;CL-600-2B19
N271YV;OO;1993;EMB-120ER
N471CA;OO;2002;CL-600-2B19
N479CA;OO;2002;CL-600-2B19
N507CA;OO;2003;CL-600-2B19
N495CA;OO;2003;CL-600-2B19
N403SW;OO;1993;CL-600-2B19
N498CA;OO;2003;CL-600-2B19
N468CA;OO;;CL-600-2B19
N407SW;OO;1994;CL-600-2B19
N986CA;OO;;CL-600-2B19
N506CA;OO;2003;CL-600-2B19
N494CA;OO;2003;CL-600-2B19
N496CA;OO;2003;CL-600-2B19
N461SW;OO;2003;CL-600-2B19
N447SW;OO;2002;CL-600-2B19
N442SW;OO;2002;CL-600-2B19
N459SW;OO;2003;CL-600-2B19
N432SW;OO;2001;CL-600-2B19
N457SW;OO;2003;CL-600-2B19
N803SK;OO;2006;CL600-2D24
N800SK;OO;2006;CL600-2D24
N809SK;OO;2006;CL600-2D24
N464SW;OO;2003;CL-600-2B19
N408SW;OO;1994;CL-600-2B19
N455SW;OO;2003;CL-600-2B19
N604SK;OO;2006;CL-600-2C10
N609SK;OO;2002;CL-600-2C10
N463SW;OO;2003;CL-600-2B19
N862AS;OO;2001;CL-600-2B19
N438SW;OO;2001;CL-600-2B19
N816SK;OO;2006;CL600-2D24
N410SW;OO;1995;CL-600-2B19
N440SW;OO;2001;CL-600-2B19
N817SK;OO;2006;CL600-2D24
N814SK;OO;2006;CL600-2D24
N805SK;OO;2006;CL600-2D24
N452SW;OO;2002;CL-600-2B19
N869AS;OO;2001;CL-600-2B19
N614SK;OO;2002;CL-600-2C10
N802SK;OO;2006;CL600-2D24
N460SW;OO;2003;CL-600-2B19
N437SW;OO;2001;CL-600-2B19
N865AS;OO;2001;CL-600-2B19
N445SW;OO;2002;CL-600-2B19
N430SW;OO;2001;CL-600-2B19
N866AS;OO;2001;CL-600-2B19
N815SK;OO;2006;CL600-2D24
N820SK;OO;2006;CL600-2D24
N453SW;OO;2003;CL-600-2B19
N413SW;OO;1996;CL-600-2B19
N439SW;OO;2001;CL-600-2B19
N411SW;OO;1995;CL-600-2B19
N812SK;OO;2006;CL600-2D24
N607SK;OO;2006;CL-600-2C10
N416SW;OO;1995;CL-600-2B19
N446SW;OO;2002;CL-600-2B19
N448SW;OO;2002;CL-600-2B19
N912EV;OO;2002;CL-600-2B19
N426SW;OO;2001;CL-600-2B19
N810SK;OO;2006;CL600-2D24
N915EV;OO;2003;CL-600-2B19
N947SW;OO;2003;CL-600-2B19
N427SW;OO;2001;CL-600-2B19
N913EV;OO;2002;CL-600-2B19
N863AS;OO;2001;CL-600-2B19
N423SW;OO;2000;CL-600-2B19
N864AS;OO;2001;CL-600-2B19
N433SW;OO;2001;CL-600-2B19
N435SW;OO;2001;CL-600-2B19
N454SW;OO;2003;CL-600-2B19
N431SW;OO;2001;CL-600-2B19
N449SW;OO;2002;CL-600-2B19
N429SW;OO;2001;CL-600-2B19
N443SW;OO;;CL-600-2B19
N441SW;OO;2002;CL-600-2B19
N409SW;OO;1994;CL-600-2B19
N606SK;OO;2006;CL-600-2C10
N367CA;OO;2002;CL-600-2C10
N910EV;OO;2002;CL-600-2B19
N668CA;OO;2004;CL-600-2C10
N340CA;OO;2002;CL-600-2C10
N611SK;OO;2002;CL-600-2C10
N368CA;OO;2003;CL-600-2C10
N608SK;OO;2006;CL-600-2C10
N603SK;OO;2006;CL-600-2C10
N613SK;OO;2002;CL-600-2C10
N492SW;OO;1997;CL-600-2B19
N806SK;OO;2006;CL600-2D24
N807SK;OO;2006;CL600-2D24
N813SK;OO;2006;CL600-2D24
N412SW;OO;1995;CL-600-2B19
N393SW;OO;1997;EMB-120ER
N561SW;OO;1998;EMB-120
N226SW;OO;1995;EMB-120ER
N220SW;OO;1994;EMB-120ER
N284YV;OO;1994;EMB-120ER
N235SW;OO;;EMB-120ER
N216SW;OO;1993;EMB-120
N581SW;OO;1999;EMB-120ER
N569SW;OO;1998;EMB-120ER
N288SW;OO;1996;EMB-120ER
N562SW;OO;1998;EMB-120
N295SW;OO;1996;EMB-120ER
N234SW;OO;1996;EMB-120ER
N294SW;OO;1996;EMB-120ER
N295UX;OO;1995;EMB-120ER
N582SW;OO;1999;EMB-120ER
N564SW;OO;1998;EMB-120
N576SW;OO;1998;EMB-120ER
N297SW;OO;1996;EMB-120ER
N585SW;OO;1999;EMB-120ER
N290SW;OO;1996;EMB-120ER
N308SW;OO;1997;EMB-120ER
N221SW;OO;1994;EMB-120ER
N566SW;OO;1998;EMB-120ER
N270YV;OO;1993;EMB-120ER
N584SW;OO;1999;EMB-120ER
N292SW;OO;1996;EMB-120ER
N224SW;OO;1995;EMB-120ER
N586SW;OO;1999;EMB-120ER
N578SW;OO;1998;EMB-120ER
N298SW;OO;1996;EMB-120ER
N583SW;OO;1999;EMB-120ER
N580SW;OO;1999;EMB-120ER
N223SW;OO;1995;EMB-120ER
N906SW;OO;2001;CL-600-2B19
N567SW;OO;1998;EMB-120ER
N218SW;OO;1994;EMB-120ER
N568SW;OO;1998;EMB-120ER
N944SW;OO;2003;CL-600-2B19
N927SW;OO;2002;CL-600-2B19
N953SW;OO;2003;CL-600-2B19
N979SW;OO;2004;CL-600-2B19
N709BR;OO;2003;CL-600-2B19
N957SW;OO;2003;CL-600-2B19
N930SW;OO;2002;CL-600-2B19
N945SW;OO;2003;CL-600-2B19
N699BR;OO;2003;CL-600-2B19
N778SK;OO;2006;CL-600-2C10
N707SK;OO;1999;CL-600-2C10
N465SW;OO;2003;CL-600-2B19
N956SW;OO;2003;CL-600-2B19
N982SW;OO;2004;CL-600-2B19
N766SK;OO;2005;CL-600-2C10
N919SW;OO;2002;CL-600-2B19
N909SW;OO;2001;CL-600-2B19
N973SW;OO;2004;CL-600-2B19
N743SK;OO;2005;CL-600-2C10
N978SW;OO;2004;CL-600-2B19
N926SW;OO;2002;CL-600-2B19
N961SW;OO;2003;CL-600-2B19
N716SK;OO;2004;CL-600-2C10
N740SK;OO;2005;CL-600-2C10
N971SW;OO;2004;CL-600-2B19
N969SW;OO;2003;CL-600-2B19
N750SK;OO;2005;CL-600-2C10
N760SK;OO;2005;CL-600-2C10
N951SW;OO;2003;CL-600-2B19
N936SW;OO;2002;CL-600-2B19
N963SW;OO;2003;CL-600-2B19
N946SW;OO;2003;CL-600-2B19
N910SW;OO;2001;CL-600-2B19
N776SK;OO;2006;CL-600-2C10
N935SW;OO;2002;CL-600-2B19
N705SK;OO;2004;CL-600-2C10
N751SK;OO;2005;CL-600-2C10
N962SW;OO;2003;CL-600-2B19
N752SK;OO;2005;CL-600-2C10
N718SK;OO;2004;CL-600-2C10
N466SW;OO;2003;CL-600-2B19
N724SK;OO;2004;CL-600-2C10
N710SK;OO;2004;CL-600-2C10
N924SW;OO;2002;CL-600-2B19
N771SK;OO;2006;CL-600-2C10
N712SK;OO;2004;CL-600-2C10
N417SW;OO;;CL-600-2B19
N983SW;OO;2004;CL-600-2B19
N916SW;OO;2002;CL-600-2B19
N923SW;OO;2002;CL-600-2B19
N744SK;OO;2005;CL-600-2C10
N708SK;OO;2004;CL-600-2C10
N939SW;OO;2003;CL-600-2B19
N406SW;OO;1993;CL-600-2B19
N738SK;OO;2005;CL-600-2C10
N742SK;OO;2005;CL-600-2C10
N745SK;OO;2005;CL-600-2C10
N918SW;OO;;CL-600-2B19
N932SW;OO;2002;CL-600-2B19
N908SW;OO;2001;CL-600-2B19
N702SK;OO;2004;CL-600-2C10
N937SW;OO;2003;CL-600-2B19
N765SK;OO;2005;CL-600-2C10
N713SK;OO;2004;CL-600-2C10
N913SW;OO;2001;CL-600-2B19
N955SW;OO;2003;CL-600-2B19
N758SK;OO;2005;CL-600-2C10
N774SK;OO;2006;CL-600-2C10
N943SW;OO;2003;CL-600-2B19
N928SW;OO;2002;CL-600-2B19
N959SW;OO;2003;CL-600-2B19
N912SW;OO;2001;CL-600-2B19
N756SK;OO;2005;CL-600-2C10
N703SK;OO;2004;CL-600-2C10
N755SK;OO;2005;CL-600-2C10
N709SK;OO;2004;CL-600-2C10
N980SW;OO;2004;CL-600-2B19
N728SK;OO;2005;CL-600-2C10
N732SK;OO;2005;CL-600-2C10
N730SK;OO;2005;CL-600-2C10
N762SK;OO;2005;CL-600-2C10
N698BR;OO;;CL-600-2B19
N920SW;OO;2002;CL-600-2B19
N715SK;OO;2004;CL-600-2C10
N763SK;OO;2005;CL-600-2C10
N929SW;OO;2002;CL-600-2B19
N952SW;OO;2003;CL-600-2B19
N976SW;OO;2004;CL-600-2B19
N903SW;OO;2000;CL-600-2B19
N706SK;OO;2004;CL-600-2C10
N917SW;OO;;CL-600-2B19
N958SW;OO;2003;CL-600-2B19
N710BR;OO;2003;CL-600-2B19
N954SW;OO;2003;CL-600-2B19
N754SK;OO;2005;CL-600-2C10
N748SK;OO;2005;CL-600-2C10
N986SW;OO;2004;CL-600-2B19
N746SK;OO;2005;CL-600-2C10
N753SK;OO;2005;CL-600-2C10
N764SK;OO;2005;CL-600-2C10
N701SK;OO;2004;CL-600-2C10
N719SK;OO;2004;CL-600-2C10
N941SW;OO;2003;CL-600-2B19
N915SW;OO;;CL-600-2B19
N405SW;OO;1993;CL-600-2B19
N768SK;OO;2005;CL-600-2C10
N767SK;OO;2005;CL-600-2C10
N964SW;OO;2003;CL-600-2B19
N925SW;OO;2002;CL-600-2B19
N772SK;OO;2005;CL-600-2C10
N975SW;OO;2004;CL-600-2B19
N967SW;OO;2003;CL-600-2B19
N726SK;OO;2005;CL-600-2C10
N938SW;OO;2003;CL-600-2B19
N773SK;OO;2005;CL-600-2C10
N948SW;OO;2003;CL-600-2B19
N560SW;OO;1998;EMB-120ER
N296SW;OO;1996;EMB-120ER
N236SW;OO;1996;EMB-120ER
N291SW;OO;1996;EMB-120ER
N237SW;OO;1996;EMB-120ER
N579SW;OO;1998;EMB-120ER
N301YV;OO;1995;EMB-120ER
N217SW;OO;1993;EMB-120ER
N232SW;OO;1995;EMB-120ER
N563SW;OO;1998;EMB-120
N590UA;UA;1997;757-222
N595UA;UA;1998;757-222
N538UA;UA;1991;757-222
N428UA;UA;1995;A320-232
N848UA;UA;2002;A319-131
N427UA;UA;1995;A320-232
N432UA;UA;1996;A320-232
N438UA;UA;1997;A320-232
N212UA;UA;2000;777-222
N211UA;UA;2000;777-222
N210UA;UA;2000;777-222
N381UA;UA;1990;737-322
N937UA;UA;1992;737-522
N925UA;UA;1992;737-522
N505UA;UA;1989;757-222
N518UA;UA;1990;757-222
N588UA;UA;1993;757-222
N648UA;UA;1992;767-322
N560UA;UA;1992;757-222
N510UA;UA;1990;757-222
N517UA;UA;1990;757-222
N554UA;UA;1992;757-222
N508UA;UA;1990;757-222
N555UA;UA;1992;757-222
N315UA;UA;1987;737-322
N532UA;UA;1991;757-222
N525UA;UA;1991;757-222
N932UA;UA;1992;737-522
N557UA;UA;1992;757-222
N934UA;UA;1992;737-522
N527UA;UA;1991;757-222
N580UA;UA;1993;757-222
N933UA;UA;1992;737-522
N664UA;UA;1998;767-322
N671UA;UA;1999;767-322
N214UA;UA;2000;777-222
N502UA;UA;1989;757-222
N675UA;UA;2000;767-322
N373UA;UA;1989;737-322
N534UA;UA;1991;757-222
N523UA;UA;1990;757-222
N526UA;UA;1991;757-222
N672UA;UA;1999;767-322
N676UA;UA;2001;767-322
N203UA;UA;1990;737-322
N369UA;UA;1989;737-322
N350UA;UA;1989;737-322
N597UA;UA;1998;757-222
N545UA;UA;1991;757-222
N670UA;UA;;767-322
N673UA;UA;2000;767-322
N667UA;UA;1998;767-322
N668UA;UA;1999;767-322
N677UA;UA;2001;767-322
N669UA;UA;1999;767-322
N665UA;UA;1998;767-322
N549UA;UA;1992;757-222
N544UA;UA;1991;757-222
N552UA;UA;1992;757-222
N547UA;UA;1991;757-222
N519UA;UA;1990;757-222
N385UA;UA;1990;737-322
N913UA;UA;1991;737-522
N570UA;UA;1992;757-222
N433UA;UA;1996;A320-232
N812UA;UA;1998;A319-131
N929UA;UA;1992;737-522
N596UA;UA;1998;757-222
N598UA;UA;1999;757-222
N371UA;UA;1989;737-322
N540UA;UA;1991;757-222
N533UA;UA;1991;757-222
N842UA;UA;2001;A319-131
N579UA;UA;1993;757-222
N548UA;UA;1992;757-222
N524UA;UA;1990;757-222
N589UA;UA;1997;757-222
N830UA;UA;2000;A319-131
N559UA;UA;1992;757-222
N827UA;UA;1999;A319-131
N571UA;UA;1992;757-222
N405UA;UA;1993;A320-232
N854UA;UA;2002;A319-131
N403UA;UA;1993;A320-232
N426UA;UA;1995;A320-232
N572UA;UA;1992;757-222
N531UA;UA;1991;757-222
N366UA;UA;1989;737-322
N835UA;UA;2001;A319-131
N539UA;UA;1991;757-222
N575UA;UA;1993;757-222
N581UA;UA;1993;757-222
N522UA;UA;1990;757-222
N666UA;UA;1998;767-322
N501UA;UA;1989;757-222
N935UA;UA;1992;737-522
N463UA;UA;2000;A320-232
N327UA;UA;1988;737-322
N461UA;UA;2000;A320-232
N855UA;UA;2002;A319-131
N806UA;UA;1998;A319-131
N839UA;UA;2001;A319-131
N852UA;UA;2002;A319-131
N423UA;UA;1995;A320-232
N828UA;UA;1999;A319-131
N434UA;UA;1996;A320-232
N435UA;UA;1996;A320-232
N825UA;UA;1999;A319-131
N558UA;UA;1992;757-222
N564UA;UA;1992;757-222
N823UA;UA;1998;A319-131
N431UA;UA;1996;A320-232
N422UA;UA;1995;A320-232
N417UA;UA;1994;A320-232
N437UA;UA;1997;A320-232
N586UA;UA;1993;757-222
N464UA;UA;2000;A320-232
N907UA;UA;1991;737-522
N410UA;UA;1994;A320-232
N528UA;UA;1991;757-222
N594UA;UA;1996;757-222
N535UA;UA;1991;757-222
N541UA;UA;1991;757-222
N568UA;UA;1992;757-222
N443UA;UA;1998;A320-232
N415UA;UA;1994;A320-232
N511UA;UA;1990;757-222
N562UA;UA;1992;757-222
N593UA;UA;1996;757-222
N924UA;UA;1992;737-522
N566UA;UA;1992;757-222
N325UA;UA;1988;737-322
N347UA;UA;1988;737-322
N838UA;UA;2001;A319-131
N370UA;UA;1989;737-322
N382UA;UA;1990;737-322
N833UA;UA;2000;A319-131
N418UA;UA;1994;A320-232
N644UA;UA;1991;767-322
N652UA;UA;1992;767-322
N223UA;UA;2001;777-222
N339UA;UA;1988;737-322
N506UA;UA;1990;757-222
N674UA;UA;2000;767-322
N337UA;UA;1988;737-322
N318UA;UA;1988;737-322
N340UA;UA;1988;737-322
N826UA;UA;1999;A319-131
N577UA;UA;1993;757-222
N553UA;UA;1992;757-222
N430UA;UA;1996;A320-232
N834UA;UA;2001;A319-131
N335UA;UA;1988;737-322
N930UA;UA;1992;737-522
N365UA;UA;1989;737-322
N456UA;UA;1999;A320-232
N843UA;UA;2001;A319-131
N507UA;UA;1990;757-222
N537UA;UA;1991;757-222
N513UA;UA;1990;757-222
N585UA;UA;1993;757-222
N329UA;UA;1988;737-322
N399UA;UA;1990;737-322
N824UA;UA;1999;A319-131
N453UA;UA;1999;A320-232
N416UA;UA;1994;A320-232
N346UA;UA;1988;737-322
N376UA;UA;1990;737-322
N436UA;UA;1996;A320-232
N836UA;UA;2001;A319-131
N520UA;UA;1990;757-222
N804UA;UA;1997;A319-131
N850UA;UA;2002;A319-131
N829UA;UA;2000;A319-131
N330UA;UA;1988;737-322
N530UA;UA;1991;757-222
N386UA;UA;1990;737-322
N849UA;UA;2002;A319-131
N808UA;UA;1998;A319-131
N583UA;UA;1993;757-222
N569UA;UA;1992;757-222
N374UA;UA;1989;737-322
N351UA;UA;1989;737-322
N375UA;UA;1989;737-322
N455UA;UA;1999;A320-232
N587UA;UA;1993;757-222
N563UA;UA;1992;757-222
N928UA;UA;1992;737-522
N328UA;UA;1988;737-322
N409UA;UA;1994;A320-232
N425UA;UA;1995;A320-232
N832UA;UA;2000;A319-131
N923UA;UA;1992;737-522
N841UA;UA;2001;A319-131
N429UA;UA;1995;A320-232
N837UA;UA;2001;A319-131
N592UA;UA;1996;757-222
N377UA;UA;1990;737-322
N567UA;UA;1992;757-222
N311UA;UA;1987;737-322
N424UA;UA;1995;A320-232
N338UA;UA;1988;737-322
N818UA;UA;1998;A319-131
N817UA;UA;1998;A319-131
N576UA;UA;1993;757-222
N912UA;UA;1991;737-522
N466UA;UA;;A320-232
N853UA;UA;2002;A319-131
N941UA;UA;1992;737-522
N372UA;UA;1989;737-322
N468UA;UA;2000;A320-232
N813UA;UA;1998;A319-131
N927UA;UA;1992;737-522
N326UA;UA;1988;737-322
N202UA;UA;1990;737-322
N348UA;UA;1988;737-322
N215UA;UA;2000;777-222
N529UA;UA;1991;757-222
N383UA;UA;1990;737-322
N922UA;UA;1991;737-522
N197UA;UA;1997;747-422
N661UA;UA;1993;767-322
N784UA;UA;1997;777-222
N503UA;UA;1989;757-222
N851UA;UA;2002;A319-131
N658UA;UA;1993;767-322
N561UA;UA;1992;757-222
N845UA;UA;2001;A319-131
N847UA;UA;2001;A319-131
N780UA;UA;1996;777-222
N779UA;UA;1996;777-222
N379UA;UA;1990;737-322
N504UA;UA;1989;757-222
N509UA;UA;1990;757-222
N578UA;UA;1993;757-222
N821UA;UA;1998;A319-131
N801UA;UA;1997;A319-131
N574UA;UA;1992;757-222
N565UA;UA;1992;757-222
N846UA;UA;2001;A319-131
N809UA;UA;1998;A319-131
N840UA;UA;2001;A319-131
N942UA;UA;1992;737-522
N498UA;UA;2002;A320-232
N811UA;UA;1998;A319-131
N331UA;UA;1988;737-322
N815UA;UA;1998;A319-131
N822UA;UA;1998;A319-131
N819UA;UA;1998;A319-131
N807UA;UA;1998;A319-131
N454UA;UA;1999;A320-232
N514UA;UA;1990;757-222
N420UA;UA;1994;A320-232
N584UA;UA;1993;757-222
N546UA;UA;1991;757-222
N314UA;UA;1987;737-322
N844UA;UA;2001;A319-131
N521UA;UA;1990;757-222
N333UA;UA;1988;737-322
N542UA;UA;1991;757-222
N816UA;UA;1998;A319-131
N411UA;UA;1994;A320-232
N515UA;UA;1990;757-222
N810UA;UA;1998;A319-131
N334UA;UA;1988;737-322
N573UA;UA;1992;757-222
N181UA;UA;1991;747-422
N771UA;UA;1995;777-222
N657UA;UA;1993;767-322
N421UA;UA;1994;A320-232
N936UA;UA;1992;737-522
N938UA;UA;1992;737-522
N419UA;UA;1994;A320-232
N462UA;UA;2000;A320-232
N412UA;UA;1994;A320-232
N582UA;UA;1993;757-222
N536UA;UA;1991;757-222
N556UA;UA;1992;757-222
N367UA;UA;1989;737-322
N660UA;UA;1993;767-322
N402UA;UA;1993;A320-232
N641UA;UA;1991;767-322
N831UA;UA;2000;A319-131
N478UA;UA;2001;A320-232
N814UA;UA;1998;A319-131
N799UA;UA;1998;777-222
N655UA;UA;1992;767-322
N663UA;UA;1993;767-322
N219UA;UA;2001;777-222
N796UA;UA;1998;777-222
N783UA;UA;1997;777-222
N653UA;UA;1992;767-322
N778UA;UA;1996;777-222
N777UA;UA;1995;777-222
N228UA;UA;2002;777-222
N772UA;UA;1995;777-222
N776UA;UA;1996;777-222
N768UA;UA;1995;777-222
N795UA;UA;1997;777-222
N773UA;UA;1995;777-222
N651UA;UA;1992;767-322
N782UA;UA;1997;777-222
N470UA;UA;2001;A320-232
N413UA;UA;1994;A320-232
N401UA;UA;1993;A320-232
N791UA;UA;1997;777-222
N444UA;UA;1998;A320-232
N484UA;UA;2001;A320-232
N414UA;UA;1994;A320-232
N495UA;UA;2002;A320-232
N440UA;UA;1997;A320-232
N481UA;UA;2001;A320-232
N476UA;UA;2001;A320-232
N497UA;UA;2002;A320-232
N441UA;UA;1997;A320-232
N489UA;UA;2002;A320-232
N477UA;UA;2001;A320-232
N452UA;UA;1999;A320-232
N469UA;UA;2001;A320-232
N483UA;UA;2001;A320-232
N475UA;UA;2001;A320-232
N445UA;UA;1998;A320-232
N447UA;UA;1998;A320-232
N492UA;UA;2002;A320-232
N449UA;UA;1998;A320-232
N442UA;UA;1998;A320-232
N491UA;UA;2002;A320-232
N457UA;UA;1999;A320-232
N459UA;UA;2000;A320-232
N490UA;UA;2002;A320-232
N451UA;UA;1998;A320-232
N408UA;UA;1994;A320-232
N472UA;UA;2001;A320-232
N446UA;UA;1998;A320-232
N467UA;UA;2000;A320-232
N482UA;UA;2001;A320-232
N488UA;UA;2002;A320-232
N480UA;UA;2001;A320-232
N407UA;UA;1994;A320-232
N439UA;UA;1997;A320-232
N479UA;UA;2001;A320-232
N493UA;UA;2002;A320-232
N458UA;UA;2000;A320-232
N486UA;UA;2001;A320-232
N487UA;UA;2002;A320-232
N474UA;UA;2001;A320-232
N485UA;UA;2001;A320-232
N496UA;UA;2002;A320-232
N473UA;UA;2001;A320-232
N494UA;UA;2002;A320-232
N465UA;UA;2000;A320-232
N406UA;UA;1994;A320-232
N471UA;UA;2001;A320-232
N664AW;US;2001;A320-232
N835AW;US;;A319-132
N934UW;US;1993;757-2B7
N434US;US;1990;737-4B7
N441US;US;1990;737-4B7
N106US;US;1999;A320-214
N111US;US;1999;A320-214
N737US;US;2000;A319-112
N425US;US;1989;737-401
N628AW;US;1989;A320-231
N657AW;US;1999;A320-232
N642AW;US;1996;A320-232
N648AW;US;1997;A320-232
N601AW;US;2003;A320-232
N632AW;US;1989;A320-231
N653AW;US;1999;A320-232
N634AW;US;1990;A320-231
N629AW;US;1990;A320-231
N668AW;US;2002;A320-232
N621AW;US;1989;A320-231
N644AW;US;1992;A320-231
N603AW;US;1997;A320-232
N826AW;US;;A319-132
N620AW;US;1989;A320-231
N658AW;US;1999;A320-232
N640AW;US;1994;A320-232
N669AW;US;2002;A320-232
N827AW;US;2001;A319-132
N663AW;US;2001;A320-232
N672AW;US;2004;A320-232
N661AW;US;2000;A320-232
N650AW;US;1998;A320-232
N659AW;US;2000;A320-232
N833AW;US;2002;A319-132
N830AW;US;;A319-132
N906AW;US;1986;757-2S7
N908AW;US;1989;757-2G7
N909AW;US;1989;757-2G7
N832AW;US;2001;A319-132
N901AW;US;1985;757-2S7
N840AW;US;2006;A319-132
N667AW;US;2002;A320-232
N633AW;US;1989;A320-231
N155AW;US;1987;737-3G7
N175AW;US;1987;737-33A
N903AW;US;1985;757-2S7
N904AW;US;1986;757-2S7
N637AW;US;1990;A320-231
N824AW;US;2001;A319-132
N619AW;US;1995;A320-232
N838AW;US;2005;A319-132
N803AW;US;1998;A319-132
N307AW;US;1990;737-3G7
N915AW;US;1984;757-225
N822AW;US;2000;A319-132
N902AW;US;1985;757-2S7
N673AW;US;;A320-232
N649AW;US;1998;A320-232
N679AW;US;2005;A320-232
N652AW;US;1999;A320-232
N624AW;US;1989;A320-231
N802AW;US;1998;A319-132
N839AW;US;2006;A319-132
N801AW;US;1998;A319-132
N654AW;US;1999;A320-232
N818AW;US;2000;A319-132
N814AW;US;2000;A319-132
N164AW;US;1986;737-33A
N631AW;US;1990;A320-231
N660AW;US;2000;A320-232
N678AW;US;2005;A320-232
N315AW;US;1987;737-3S3
N303AW;US;1988;737-3G7
N157AW;US;1987;737-3G7
N809AW;US;1999;A319-132
N808AW;US;1999;A319-132
N680AW;US;2005;A320-232
N647AW;US;1997;A320-232
N677AW;US;2005;A320-232
N605AW;US;1997;A320-232
N636AW;US;1990;A320-231
N302AW;US;1988;737-3G7
N332AW;US;1987;737-3B7
N322AW;US;1991;737-3G7
N314AW;US;1987;737-3S3
N166AW;US;1986;737-33A
N627AW;US;1989;A320-231
N313AW;US;1987;737-3S3
N656AW;US;1999;A320-232
N816AW;US;2000;A319-132
N831AW;US;2001;A319-132
N821AW;US;2000;A319-132
N156AW;US;1987;737-3G7
N334AW;US;1987;737-3Y0
N829AW;US;;A319-132
N813AW;US;2000;A319-132
N825AW;US;2001;A319-132
N819AW;US;2000;A319-132
N823AW;US;2001;A319-132
N828AW;US;;A319-132
N834AW;US;;A319-132
N820AW;US;2000;A319-132
N815AW;US;2000;A319-132
N806AW;US;1999;A319-132
N168AW;US;1986;737-33A
N812AW;US;2000;A319-132
N804AW;US;1999;A319-132
N836AW;US;2005;A319-132
N674AW;US;2005;A320-232
N651AW;US;1998;A320-232
N807AW;US;1999;A319-132
N817AW;US;2000;A319-132
N676AW;US;2005;A320-232
N154AW;US;1987;737-3G7
N810AW;US;1999;A319-132
N837AW;US;2005;A319-132
N805AW;US;1999;A319-132
N622AW;US;1989;A320-231
N675AW;US;2005;A320-232
N655AW;US;1999;A320-232
N665AW;US;2001;A320-232
N604AW;US;2000;A320-232
N305AW;US;1988;737-3G7
N625AW;US;1989;A320-231
N662AW;US;2000;A320-232
N602AW;US;;A320-232
N450UW;US;1990;737-4B7
N417US;US;1989;737-401
N957UW;US;;ERJ 190-100 IGW
N161UW;US;2001;A321-211
N190UW;US;2001;A321-211
N185UW;US;2002;A321-211
N176UW;US;2001;A321-211
N171US;US;2001;A321-211
N112US;US;1999;A320-214
N104UW;US;1999;A320-214
N107US;US;1999;A320-214
N187US;US;2002;A321-211
N167US;US;2001;A321-211
N709UW;US;1999;A319-112
N753US;US;2000;A319-112
N952UW;US;2007;ERJ 190-100 IGW
N529AU;US;1989;737-3B7
N948UW;US;2007;ERJ 190-100 IGW
N181UW;US;;A321-211
N178US;US;2001;A321-211
N108UW;US;1999;A320-214
N942UW;US;1995;757-2B7
N203UW;US;2000;757-23N
N192UW;US;2001;A321-211
N418US;US;1989;737-401
N936UW;US;1994;757-2B7
N103US;US;1999;A320-214
N119US;US;2000;A320-214
N460UW;US;1991;737-4B7
N204UW;US;2000;757-23N
N941UW;US;1995;757-2B7
N937UW;US;1994;757-2B7
N163US;US;2001;A321-211
N182UW;US;2001;A321-211
N174US;US;;A321-211
N947UW;US;2007;ERJ 190-100 IGW
N950UW;US;2007;ERJ 190-100 IGW
N710UW;US;1999;A319-112
N949UW;US;2007;ERJ 190-100 IGW
N756US;US;2000;A319-112
N113UW;US;1999;A320-214
N109UW;US;1999;A320-214
N744P;US;2000;A319-112
N516AU;US;1987;737-3B7
N532AU;US;1989;737-3B7
N449US;US;1990;737-4B7
N453UW;US;1991;737-4B7
N173US;US;2001;A321-211
N932UW;US;1993;757-2B7
N188US;US;2002;A321-211
N179UW;US;2001;A321-211
N202UW;US;1995;757-2B7
N205UW;US;2000;757-23N
N183UW;US;2001;A321-211
N256AY;US;1993;767-2B7
N252AU;US;1990;767-2B7
N530AU;US;1989;737-3B7
N954UW;US;2007;ERJ 190-100 IGW
N439US;US;1990;737-4B7
N421US;US;1989;737-401
N722US;US;1999;A319-112
N708UW;US;1999;A319-112
N742PS;US;2000;A319-112
N946UW;US;2007;ERJ 190-100 IGW
N951UW;US;2007;ERJ 190-100 IGW
N945UW;US;;ERJ 190-100 IGW
N118US;US;2000;A320-214
N172US;US;2001;A321-211
N938UW;US;1994;757-2B7
N105UW;US;1999;A320-214
N170US;US;2001;A321-211
N923UW;US;1983;757-225
N921UW;US;1983;757-225
N920UW;US;1983;757-225
N940UW;US;1995;757-2B7
N933UW;US;1993;757-2B7
N925UW;US;1983;757-225
N917UW;US;1982;757-225
N935UW;US;1994;757-2B7
N422US;US;1989;737-401
N420US;US;1989;737-401
N444US;US;1990;737-4B7
N704US;US;1998;A319-112
N701UW;US;1998;A319-112
N757UW;US;2000;A319-112
N749US;US;2000;A319-112
N767UW;US;2000;A319-112
N714US;US;1999;A319-112
N924UW;US;1983;757-225
N249AU;US;1987;767-201
N715UW;US;1999;A319-112
N766US;US;2000;A319-112
N922UW;US;1983;757-225
N732US;US;2000;A319-112
N929UW;US;1993;757-2B7
N122US;US;2000;A320-214
N458UW;US;1991;737-4B7
N433US;US;1990;737-4B7
N591US;US;1988;737-301
N527AU;US;1988;737-3B7
N741UW;US;2000;A319-112
N427US;US;1989;737-4B7
N405US;US;1989;737-401
N712US;US;1999;A319-112
N939UW;US;1994;757-2B7
N730US;US;2000;A319-112
N424US;US;1989;737-401
N455UW;US;1991;737-4B7
N454UW;US;1991;737-4B7
N184US;US;2002;A321-211
N953UW;US;2007;ERJ 190-100 IGW
N165US;US;2001;A321-211
N750UW;US;2000;A319-112
N762US;US;2000;A319-112
N121UW;US;2000;A320-214
N124US;US;2000;A320-214
N747UW;US;2000;A319-112
N440US;US;1990;737-4B7
N725UW;US;1999;A319-112
N404US;US;1989;737-401
N409US;US;1988;737-401
N456UW;US;1991;737-4B7
N504AU;US;1987;737-3B7
N746UW;US;2000;A319-112
N955UW;US;2008;ERJ 190-100 IGW
N956UW;US;2008;ERJ 190-100 IGW
N191UW;US;2001;A321-211
N162UW;US;2001;A321-211
N123UW;US;2000;A320-214
N186US;US;2002;A321-211
N958UW;US;;ERJ 190-100 IGW
N755US;US;2000;A319-112
N110UW;US;1999;A320-214
N723UW;US;1999;A319-112
N438US;US;1990;737-4B7
N435US;US;1990;737-4B7
N459UW;US;1991;737-4B7
N959UW;US;;ERJ 190-100 IGW
N442US;US;1990;737-4B7
N443US;US;1990;737-4B7
N426US;US;1989;737-4B7
N117UW;US;2000;A320-214
N769US;US;2000;A319-112
N711UW;US;1999;A319-112
N724UW;US;1999;A319-112
N713UW;US;1999;A319-112
N505AU;US;1987;737-3B7
N445US;US;1990;737-4B7
N705UW;US;;A319-112
N740UW;US;2000;A319-112
N274AY;US;2000;A330-323
N277AY;US;2001;A330-323
N406US;US;1988;737-401
N738US;US;2000;A319-112
N763US;US;2000;A319-112
N748UW;US;2000;A319-112
N702UW;US;1998;A319-112
N752US;US;2000;A319-112
N451UW;US;1990;737-4B7
N102UW;US;1998;A320-214
N916UW;US;1982;757-225
N423US;US;1989;737-401
N180US;US;2001;A321-211
N457UW;US;1991;737-4B7
N745VJ;US;2000;A319-112
N721UW;US;1999;A319-112
N419US;US;1989;737-401
N189UW;US;2001;A321-211
N533AU;US;1989;737-3B7
N531AU;US;1989;737-3B7
N717UW;US;1999;A319-112
N452UW;US;1991;737-4B7
N733UW;US;2000;A319-112
N177US;US;;A321-211
N768US;US;2000;A319-112
N765US;US;2000;A319-112
N944UW;US;2006;ERJ 190-100 IGW
N770UW;US;2000;A319-112
N169UW;US;2001;A321-211
N506AU;US;1987;737-3B7
N764US;US;2000;A319-112
N201UU;US;1995;757-2B7
N754UW;US;2000;A319-112
N927UW;US;1993;757-2B7
N760US;US;2000;A319-112
N246AY;US;1987;767-201
N430US;US;1989;737-4B7
N751UW;US;2000;A319-112
N700UW;US;1998;A319-112
N703UW;US;1998;A319-112
N716UW;US;1999;A319-112
N433LV;WN;2003;737-7H4
N352SW;WN;1990;737-3H4
N438WN;WN;2003;737-7H4
N663SW;WN;1985;737-3Q8
N239WN;WN;2006;737-7H4
N443WN;WN;2003;737-7H4
N225WN;WN;2005;737-7H4
N466WN;WN;2004;737-7H4
N241WN;WN;2006;737-7H4
N212WN;WN;2005;737-7H4
N437WN;WN;2003;737-7H4
N743SW;WN;1998;737-7H4
N211WN;WN;2005;737-7H4
N473WN;WN;2004;737-7H4
N332SW;WN;1988;737-3H4
N489WN;WN;2004;737-7H4
N227WN;WN;2005;737-7H4
N387SW;WN;1994;737-3H4
N423WN;WN;2002;737-7H4
N614SW;WN;1995;737-3H4
N653SW;WN;1997;737-3H4
N463WN;WN;2004;737-7H4
N249WN;WN;2006;737-7H4
N272WN;WN;2007;737-7H4
N728SW;WN;1999;737-7H4
N376SW;WN;1994;737-3H4
N612SW;WN;1995;737-3H4
N208WN;WN;2005;737-7H4
N369SW;WN;1993;737-3H4
N650SW;WN;1997;737-3H4
N222WN;WN;2005;737-7H4
N521SW;WN;1991;737-5H4
N382SW;WN;1994;737-3H4
N765SW;WN;2000;737-7H4
N523SW;WN;1992;737-5H4
N512SW;WN;1991;737-5H4
N425LV;WN;2002;737-7H4
N229WN;WN;2006;737-7H4
N733SA;WN;1999;737-7H4
N395SW;WN;1994;737-3H4
N315SW;WN;1986;737-3H4
N494WN;WN;2004;737-7H4
N501SW;WN;1990;737-5H4
N314SW;WN;1986;737-3H4
N397SW;WN;1995;737-3H4
N270WN;WN;1998;737-705
N399WN;WN;1995;737-3H4
N455WN;WN;2004;737-7H4
N350SW;WN;1989;737-3H4
N624SW;WN;1996;737-3H4
N601WN;WN;1995;737-3H4
N291WN;WN;2007;737-7H4
N699SW;WN;1987;737-3Y0
N623SW;WN;1996;737-3H4
N763SW;WN;2000;737-7H4
N603SW;WN;1995;737-3H4
N655WN;WN;1997;737-3H4
N514SW;WN;1991;737-5H4
N506SW;WN;1990;737-5H4
N693SW;WN;1985;737-317
N632SW;WN;1996;737-3H4
N374SW;WN;1993;737-3H4
N398SW;WN;1995;737-3H4
N280WN;WN;2007;737-7H4
N337SW;WN;1988;737-3H4
N639SW;WN;1996;737-3H4
N752SW;WN;1999;737-7H4
N682SW;WN;1986;737-3Y0
N678AA;WN;1986;737-3A4
N354SW;WN;1991;737-3H4
N762SW;WN;2000;737-7H4
N246LV;WN;2006;737-7H4
N422WN;WN;2002;737-7H4
N461WN;WN;2004;737-7H4
N436WN;WN;2003;737-7H4
N629SW;WN;1996;737-3H4
N605SW;WN;1995;737-3H4
N356SW;WN;1991;737-3H4
N360SW;WN;1992;737-3H4
N635SW;WN;1996;737-3H4
N664WN;WN;1986;737-3Y0
N258WN;WN;2006;737-7H4
N610WN;WN;1995;737-3H4
N251WN;WN;2006;737-7H4
N274WN;WN;2007;737-7H4
N391SW;WN;1994;737-3H4
N622SW;WN;1996;737-3H4
N394SW;WN;1994;737-3H4
N648SW;WN;1997;737-3H4
N608SW;WN;1995;737-3H4
N633SW;WN;1996;737-3H4
N385SW;WN;1994;737-3H4
N335SW;WN;1988;737-3H4
N380SW;WN;1994;737-3H4
N403WN;WN;2001;737-7H4
N745SW;WN;1999;737-7H4
N652SW;WN;1997;737-3H4
N349SW;WN;1989;737-3H4
N716SW;WN;1998;737-7H4
N618WN;WN;1995;737-3H4
N336SW;WN;1988;737-3H4
N509SW;WN;1990;737-5H4
N646SW;WN;1997;737-3H4
N470WN;WN;2004;737-7H4
N609SW;WN;1995;737-3H4
N502SW;WN;1990;737-5H4
N245WN;WN;2006;737-7H4
N737JW;WN;1999;737-7H4
N643SW;WN;1997;737-3H4
N783SW;WN;2000;737-7H4
N292WN;WN;2007;737-7H4
N447WN;WN;2003;737-7H4
N917WN;WN;;737-7H4
N242WN;WN;2006;737-7H4
N344SW;WN;1989;737-3H4
N334SW;WN;1988;737-3H4
N201LV;WN;2005;737-7H4
N482WN;WN;2004;737-7H4
N519SW;WN;1991;737-5H4
N389SW;WN;1994;737-3H4
N670SW;WN;1988;737-3G7
N550WN;WN;2001;737-76Q
N442WN;WN;2003;737-7H4
N755SA;WN;1999;737-7H4
N339SW;WN;1988;737-3H4
N675AA;WN;1985;737-3A4
N342SW;WN;1989;737-3H4
N330SW;WN;1988;737-3H4
N914WN;WN;2008;737-7H4
N368SW;WN;1993;737-3H4
N779SW;WN;2000;737-7H4
N390SW;WN;1994;737-3H4
N430WN;WN;2002;737-7H4
N457WN;WN;2004;737-7H4
N476WN;WN;2004;737-7H4
N206WN;WN;2005;737-7H4
N617SW;WN;1995;737-3H4
N264LV;WN;2007;737-7H4
N260WN;WN;2006;737-7H4
N704SW;WN;1998;737-7H4
N256WN;WN;2006;737-7H4
N492WN;WN;2004;737-7H4
N230WN;WN;2006;737-7H4
N444WN;WN;2003;737-7H4
N238WN;WN;2005;737-7H4
N481WN;WN;2004;737-7H4
N903WN;WN;;737-7H4
N732SW;WN;1999;737-7H4
N915WN;WN;2008;737-7H4
N340LV;WN;1987;737-3K2
N419WN;WN;2001;737-7H4
N408WN;WN;2001;737-7H4
N429WN;WN;2002;737-7H4
N285WN;WN;2007;737-7H4
N772SW;WN;2000;737-7H4
N417WN;WN;2001;737-7H4
N480WN;WN;2004;737-7H4
N662SW;WN;1985;737-3Q8
N710SW;WN;1998;737-7H4
N440LV;WN;2003;737-7H4
N526SW;WN;1992;737-5H4
N525SW;WN;1992;737-5H4
N401WN;WN;2001;737-7H4
N749SW;WN;1999;737-7H4
N756SA;WN;1999;737-7H4
N757LV;WN;1999;737-7H4
N372SW;WN;1993;737-3H4
N786SW;WN;2000;737-7H4
N522SW;WN;1992;737-5H4
N486WN;WN;2004;737-7H4
N692SW;WN;1985;737-3T5
N413WN;WN;2001;737-7H4
N439WN;WN;2003;737-7H4
N631SW;WN;1996;737-3H4
N604SW;WN;1995;737-3H4
N454WN;WN;2004;737-7H4
N204WN;WN;2005;737-7H4
N261WN;WN;2006;737-7H4
N773SA;WN;2000;737-7H4
N273WN;WN;2007;737-7H4
N421LV;WN;2001;737-7H4
N734SA;WN;1999;737-7H4
N458WN;WN;2004;737-7H4
N373SW;WN;1993;737-3H4
N775SW;WN;2000;737-7H4
N620SW;WN;1996;737-3H4
N402WN;WN;2001;737-7H4
N386SW;WN;1994;737-3H4
N236WN;WN;2006;737-7H4
N787SA;WN;2000;737-7H4
N346SW;WN;1989;737-3H4
N715SW;WN;1998;737-7H4
N669SW;WN;1987;737-3A4
N761RR;WN;2000;737-7H4
N908WN;WN;2008;737-7H4
N451WN;WN;2004;737-7H4
N310SW;WN;1985;737-3H4
N304SW;WN;1985;737-3H4
N405WN;WN;2001;737-7H4
N464WN;WN;2004;737-7H4
N680AA;WN;1986;737-3A4
N766SW;WN;2000;737-7H4
N231WN;WN;2006;737-7H4
N656SW;WN;1997;737-3H4
N764SW;WN;2000;737-7H4
N645SW;WN;1997;737-3H4
N384SW;WN;1994;737-3H4
N901WN;WN;2007;737-7H4
N485WN;WN;2004;737-7H4
N768SW;WN;2000;737-7H4
N221WN;WN;2005;737-7H4
N484WN;WN;2004;737-7H4
N262WN;WN;2006;737-7H4
N513SW;WN;1991;737-5H4
N619SW;WN;1995;737-3H4
N695SW;WN;1986;737-3Q8
N361SW;WN;1992;737-3H4
N325SW;WN;1987;737-3H4
N707SA;WN;1998;737-7H4
N407WN;WN;2001;737-7H4
N432WN;WN;2003;737-7H4
N659SW;WN;1985;737-301
N232WN;WN;2006;737-7H4
N453WN;WN;2004;737-7H4
N223WN;WN;2005;737-7H4
N497WN;WN;2004;737-7H4
N487WN;WN;2004;737-7H4
N760SW;WN;2000;737-7H4
N448WN;WN;2003;737-7H4
N657SW;WN;1985;737-3L9
N343SW;WN;1989;737-3H4
N331SW;WN;1988;737-3H4
N445WN;WN;2003;737-7H4
N676SW;WN;2000;737-3A4
N268WN;WN;2007;737-7H4
N720WN;WN;1998;737-7H4
N216WR;WN;2005;737-7H4
N483WN;WN;2004;737-7H4
N203WN;WN;2005;737-7H4
N375SW;WN;1993;737-3H4
N627SW;WN;1996;737-3H4
N363SW;WN;1993;737-3H4
N683SW;WN;1988;737-3G7
N468WN;WN;2004;737-7H4
N796SW;WN;2001;737-7H4
N478WN;WN;2004;737-7H4
N283WN;WN;2007;737-7H4
N515SW;WN;1991;737-5H4
N528SW;WN;1992;737-5H4
N233LV;WN;2006;737-7H4
N362SW;WN;1992;737-3H4
N303SW;WN;1985;737-3H4
N202WN;WN;2005;737-7H4
N679AA;WN;1986;737-3A4
N712SW;WN;1998;737-7H4
N286WN;WN;2004;737-7H4
N687SW;WN;1986;737-3Q8
N690SW;WN;1988;737-3G7
N388SW;WN;1994;737-3H4
N450WN;WN;2004;737-7H4
N705SW;WN;1998;737-7H4
N266WN;WN;2007;737-7H4
N295WN;WN;2007;737-7H4
N677AA;WN;1985;737-3A4
N412WN;WN;2001;737-7H4
N237WN;WN;2006;737-7H4
N263WN;WN;2007;737-7H4
N357SW;WN;1992;737-3H4
N414WN;WN;2001;737-7H4
N909WN;WN;2008;737-7H4
N441WN;WN;2003;737-7H4
N900WN;WN;2007;737-7H4
N736SA;WN;1999;737-7H4
N747SA;WN;1999;737-7H4
N742SW;WN;1998;737-7H4
N378SW;WN;1994;737-3H4
N296WN;WN;2007;737-7H4
N234WN;WN;2006;737-7H4
N298WN;WN;;737-7H4
N688SW;WN;1985;737-3Q8
N276WN;WN;2007;737-7H4
N490WN;WN;2004;737-7H4
N416WN;WN;2001;737-7H4
N735SA;WN;1999;737-7H4
N795SW;WN;2001;737-7H4
N244WN;WN;2006;737-7H4
N499WN;WN;2005;737-7H4
N602SW;WN;1995;737-3H4
N776WN;WN;2000;737-7H4
N358SW;WN;1992;737-3H4
N790SW;WN;2000;737-7H4
N431WN;WN;2002;737-7H4
N701GS;WN;1997;737-7H4
N259WN;WN;2006;737-7H4
N210WN;WN;2005;737-7H4
N279WN;WN;2007;737-7H4
N214WN;WN;2005;737-7H4
N912WN;WN;2008;737-7H4
N472WN;WN;2004;737-7H4
N780SW;WN;2000;737-7H4
N477WN;WN;2004;737-7H4
N731SA;WN;1999;737-7H4
N247WN;WN;2006;737-7H4
N785SW;WN;2000;737-7H4
N449WN;WN;2003;737-7H4
N725SW;WN;1999;737-7H4
N905WN;WN;;737-7H4
N209WN;WN;2005;737-7H4
N308SA;WN;1986;737-3Y0
N327SW;WN;1987;737-3H4
N329SW;WN;1988;737-3H4
N697SW;WN;1988;737-3TO
N503SW;WN;1990;737-5H4
N527SW;WN;1992;737-5H4
N311SW;WN;1986;737-3H4
N660SW;WN;1985;737-301
N910WN;WN;2008;737-7H4
N410WN;WN;2001;737-7H4
N205WN;WN;2005;737-7H4
N524SW;WN;1992;737-5H4
N426WN;WN;2002;737-7H4
N218WN;WN;2005;737-7H4
N626SW;WN;1996;737-3H4
N751SW;WN;1999;737-7H4
N467WN;WN;2004;737-7H4
N367SW;WN;1993;737-3H4
N647SW;WN;1997;737-3H4
N741SA;WN;1998;737-7H4
N718SW;WN;1998;737-7H4
N754SW;WN;1999;737-7H4
N706SW;WN;1998;737-7H4
N799SW;WN;;737-7Q8
N224WN;WN;2005;737-7H4
N671SW;WN;1988;737-3G7
N200WN;WN;2005;737-7H4
N551WN;WN;2001;737-76Q
N615SW;WN;1995;737-3H4
N638SW;WN;1996;737-3H4
N288WN;WN;2007;737-7H4
N269WN;WN;2007;737-7H4
N797MX;WN;2001;737-7H4
N257WN;WN;2006;737-7H4
N739GB;WN;1998;737-7H4
N621SW;WN;1996;737-3H4
N717SA;WN;1998;737-7H4
N511SW;WN;1991;737-5H4
N392SW;WN;1994;737-3H4
N637SW;WN;1996;737-3H4
N634SW;WN;1996;737-3H4
N297WN;WN;2007;737-7H4
N778SW;WN;2000;737-7H4
N491WN;WN;2004;737-7H4
N730SW;WN;1999;737-7H4
N794SW;WN;2001;737-7H4
N738CB;WN;1999;737-7H4
N641SW;WN;1996;737-3H4
N640SW;WN;1996;737-3H4
N400WN;WN;2001;737-7H4
N758SW;WN;1999;737-7H4
N520SW;WN;1991;737-5H4
N435WN;WN;2003;737-7H4
N906WN;WN;;737-7H4
N753SW;WN;1999;737-7H4
N496WN;WN;2004;737-7H4
N409WN;WN;2001;737-7H4
N498WN;WN;2005;737-7H4
N307SW;WN;1985;737-3H4
N769SW;WN;2000;737-7H4
N351SW;WN;1989;737-3H4
N613SW;WN;1995;737-3H4
N916WN;WN;2008;737-7H4
N479WN;WN;2004;737-7H4
N729SW;WN;1999;737-7H4
N611SW;WN;1995;737-3H4
N347SW;WN;1989;737-3H4
N507SW;WN;1990;737-5H4
N792SW;WN;2000;737-7H4
N726SW;WN;1999;737-7H4
N427WN;WN;2002;737-7H4
N918WN;WN;;737-7H4
N333SW;WN;1988;737-3H4
N459WN;WN;2004;737-7H4
N456WN;WN;2004;737-7H4
N689SW;WN;1985;737-3Q8
N290WN;WN;2007;737-7H4
N434WN;WN;2003;737-7H4
N703SW;WN;1997;737-7H4
N495WN;WN;2004;737-7H4
N714CB;WN;1998;737-7H4
N774SW;WN;2000;737-7H4
N630WN;WN;1996;737-3H4
N365SW;WN;1993;737-3H4
N767SW;WN;;737-7H4
N207WN;WN;2005;737-7H4
N411WN;WN;2001;737-7H4
N665WN;WN;1986;737-3Y0
N250WN;WN;2006;737-7H4
N228WN;WN;2005;737-7H4
N240WN;WN;2006;737-7H4
N252WN;WN;2006;737-7H4
N371SW;WN;1993;737-3H4
N265WN;WN;2007;737-7H4
N353SW;WN;1990;737-3H4
N282WN;WN;2007;737-7H4
N700GS;WN;1997;737-7H4
N213WN;WN;2005;737-7H4
N475WN;WN;2004;737-7H4
N723SW;WN;1999;737-7H4
N719SW;WN;1998;737-7H4
N255WN;WN;2006;737-7H4
N606SW;WN;1995;737-3H4
N404WN;WN;2001;737-7H4
N488WN;WN;2004;737-7H4
N281WN;WN;2007;737-7H4
N267WN;WN;2007;737-7H4
N744SW;WN;1999;737-7H4
N299WN;WN;;737-7H4
N793SA;WN;2001;737-7H4
N791SW;WN;2000;737-7H4
N777QC;WN;2000;737-7H4
N313SW;WN;1986;737-3H4
N724SW;WN;1999;737-7H4
N694SW;WN;1985;737-3T5
N415WN;WN;2001;737-7H4
N625SW;WN;1996;737-3H4
N345SA;WN;1987;737-3K2
N318SW;WN;1986;737-3H4
N740SW;WN;1998;737-7H4
N424WN;WN;2002;737-7H4
N644SW;WN;1997;737-3H4
N418WN;WN;2001;737-7H4
N913WN;WN;2008;737-7H4
N379SW;WN;1994;737-3H4
N781WN;WN;2000;737-7H4
N460WN;WN;2004;737-7H4
N904WN;WN;;737-7H4
N328SW;WN;1988;737-3H4
N493WN;WN;2004;737-7H4
N658SW;WN;1985;737-3L9
N748SW;WN;1999;737-7H4
N788SA;WN;2000;737-7H4
N628SW;WN;1996;737-3H4
N469WN;WN;2004;737-7H4
N746SW;WN;1999;737-7H4
N309SW;WN;1985;737-3H4
N709SW;WN;1998;737-7H4
N654SW;WN;1997;737-3H4
N713SW;WN;1998;737-7H4
N226WN;WN;2005;737-7H4
N504SW;WN;1990;737-5H4
N254WN;WN;2006;737-7H4
N474WN;WN;2004;737-7H4
N446WN;WN;2003;737-7H4
N420WN;WN;2001;737-7H4
N770SA;WN;2000;737-7H4
N510SW;WN;1990;737-5H4
N505SW;WN;1990;737-5H4
N698SW;WN;1986;737-317
N278WN;WN;2007;737-7H4
N642WN;WN;1997;737-3H4
N287WN;WN;2007;737-7H4
N798SW;WN;1998;737-7AD
N452WN;WN;2004;737-7H4
N462WN;WN;2004;737-7H4
N294WN;WN;2007;737-7H4
N691WN;WN;1988;737-3G7
N312SW;WN;1986;737-3H4
N305SW;WN;1985;737-3H4
N759GS;WN;1999;737-7H4
N428WN;WN;2002;737-7H4
N275WN;WN;2007;737-7H4
N907WN;WN;;737-7H4
N685SW;WN;1986;737-3Q8
N338SW;WN;1988;737-3H4
N902WN;WN;2007;737-7H4
N370SW;WN;1993;737-3H4
N277WN;WN;2007;737-7H4
N300SW;WN;1984;737-3H4
N789SW;WN;2000;737-7H4
N284WN;WN;2007;737-7H4
N253WN;WN;2006;737-7H4
N406WN;WN;2001;737-7H4
N243WN;WN;2006;737-7H4
N326SW;WN;1987;737-3H4
N782SA;WN;2000;737-7H4
N215WN;WN;2005;737-7H4
N727SW;WN;1999;737-7H4
N465WN;WN;2004;737-7H4
N636WN;WN;1996;737-3H4
N235WN;WN;2006;737-7H4
N220WN;WN;2005;737-7H4
N217JC;WN;2005;737-7H4
N248WN;WN;2006;737-7H4
N607SW;WN;1995;737-3H4
N651SW;WN;1997;737-3H4
N219WN;WN;2005;737-7H4
N711HK;WN;1998;737-7H4
N34111;XE;2002;EMB-145XR
N11191;XE;2005;EMB-145XR
N17108;XE;2002;EMB-145XR
N14105;XE;2002;EMB-145XR
N13979;XE;1999;EMB-145LR
N13989;XE;2000;EMB-145LR
N36915;XE;2001;EMB-145LR
N27962;XE;1999;EMB-145
N13903;XE;2001;EMB-145LR
N16911;XE;2001;EMB-145LR
N13997;XE;2000;EMB-145LR
N48901;XE;2001;EMB-145LR
N16987;XE;2000;EMB-145LR
N15555;XE;;EMB-145LR
N14974;XE;1999;EMB-145LR
N17138;XE;2003;EMB-145XR
N21144;XE;2003;EMB-145XR
N14542;XE;2001;EMB-145LR
N14904;XE;2001;EMB-145LR
N16999;XE;2000;EMB-145LR
N14143;XE;2003;EMB-145XR
N21537;XE;2001;EMB-145LR
N14977;XE;1999;EMB-145LR
N12922;XE;2000;EMB-145LR
N29917;XE;2001;EMB-145LR
N14162;XE;2004;EMB-145XR
N11137;XE;2003;EMB-145XR
N17928;XE;1996;EMB-145EP
N16944;XE;1998;EMB-145EP
N13988;XE;2000;EMB-145LR
N11176;XE;2004;EMB-145XR
N34110;XE;2002;EMB-145XR
N18557;XE;;EMB-145LR
N13978;XE;1999;EMB-145LR
N12122;XE;2003;EMB-145XR
N18114;XE;2002;EMB-145XR
N12172;XE;2004;EMB-145XR
N11140;XE;2003;EMB-145XR
N17115;XE;2002;EMB-145XR
N13123;XE;2003;EMB-145XR
N14188;XE;2005;EMB-145XR
N12195;XE;2005;EMB-145XR
N12135;XE;2003;EMB-145XR
N21130;XE;2003;EMB-145XR
N16927;XE;1996;EMB-145EP
N12136;XE;2003;EMB-145XR
N12540;XE;2001;EMB-145LR
N14117;XE;2002;EMB-145XR
N14959;XE;1998;EMB-145LR
N14937;XE;1997;EMB-145EP
N16951;XE;1998;EMB-145LR
N12126;XE;2003;EMB-145XR
N11113;XE;2002;EMB-145XR
N11548;XE;2002;EMB-145LR
N14204;XE;2006;EMB-145XR
N10156;XE;2004;EMB-145XR
N14902;XE;2001;EMB-145LR
N26549;XE;2002;EMB-145LR
N11109;XE;2002;EMB-145XR
N15985;XE;2000;EMB-145LR
N13913;XE;2001;EMB-145LR
N14933;XE;1997;EMB-145EP
N13995;XE;2000;EMB-145LR
N27190;XE;2005;EMB-145XR
N16151;XE;2003;EMB-145XR
N11199;XE;2006;EMB-145XR
N14991;XE;2000;EMB-145LR
N13936;XE;1997;EMB-145EP
N26141;XE;2003;EMB-145XR
N14543;XE;2002;EMB-145LR
N13990;XE;2000;EMB-145LR
N12552;XE;2002;EMB-145LR
N21154;XE;2003;EMB-145XR
N11192;XE;2005;EMB-145XR
N16149;XE;2003;EMB-145XR
N17159;XE;2004;EMB-145XR
N16571;XE;2002;EMB-145LR
N12142;XE;2003;EMB-145XR
N14203;XE;2006;EMB-145XR
N14905;XE;2001;EMB-145LR
N14993;XE;2000;EMB-145LR
N14573;XE;2002;EMB-145LR
N21197;XE;2006;EMB-145XR
N12957;XE;1998;EMB-145LR
N33182;XE;2005;EMB-145XR
N12145;XE;2003;EMB-145XR
N23139;XE;2003;EMB-145XR
N14148;XE;2003;EMB-145XR
N14180;XE;2005;EMB-145XR
N11184;XE;2005;EMB-145XR
N14198;XE;2006;EMB-145XR
N12967;XE;1999;EMB-145LR
N15986;XE;2000;EMB-145LR
N18101;XE;2002;EMB-145XR
N18120;XE;2003;EMB-145XR
N14923;XE;2000;EMB-145LR
N13124;XE;2003;EMB-145XR
N16976;XE;1999;EMB-145LR
N15574;XE;;EMB-145LR
N12160;XE;2004;EMB-145XR
N24103;XE;2002;EMB-145XR
N13956;XE;1998;EMB-145LR
N14940;XE;1997;EMB-145EP
N14950;XE;1998;EMB-145LR
N11155;XE;2004;EMB-145XR
N14916;XE;2001;EMB-145LR
N26545;XE;2002;EMB-145LR
N14960;XE;1998;EMB-145LR
N13914;XE;2001;EMB-145LR
N11121;XE;2003;EMB-145XR
N11551;XE;2002;EMB-145LR
N14558;XE;;EMB-145LR
N13970;XE;1999;EMB-145LR
N13968;XE;1999;EMB-145LR
N16954;XE;1998;EMB-145LR
N27152;XE;2003;EMB-145XR
N12924;XE;2000;EMB-145LR
N16541;XE;2001;EMB-145LR
N16918;XE;2001;EMB-145LR
N22971;XE;1999;EMB-145LR
N12157;XE;2004;EMB-145XR
N12946;XE;1998;EMB-145EP
N14998;XE;2000;EMB-145LR
N16147;XE;2003;EMB-145XR
N17196;XE;2005;EMB-145XR
N13202;XE;2006;EMB-145XR
N16963;XE;1999;EMB-145LR
N19554;XE;2002;EMB-145LR
N13969;XE;1999;EMB-145LR
N29906;XE;2001;EMB-145LR
N16919;XE;2001;EMB-145LR
N25134;XE;2003;EMB-145XR
N13550;XE;2002;EMB-145LR
N14153;XE;2003;EMB-145XR
N15948;XE;1998;EMB-145EP
N27200;XE;2006;EMB-145XR
N18556;XE;2002;EMB-145LR
N13553;XE;2002;EMB-145LR
N17984;XE;2000;EMB-145LR
N11150;XE;2003;EMB-145XR
N21129;XE;2003;EMB-145XR
N11194;XE;2005;EMB-145XR
N14116;XE;2002;EMB-145XR
N13133;XE;2003;EMB-145XR
N15973;XE;1999;EMB-145LR
N31131;XE;2003;EMB-145XR
N13929;XE;1997;EMB-145EP
N14920;XE;2001;EMB-145LR
N14947;XE;1998;EMB-145EP
N12921;XE;2000;EMB-145LR
N15910;XE;2001;EMB-145LR
N13955;XE;1998;EMB-145LR
N15983;XE;2000;EMB-145LR
N14177;XE;2005;EMB-145XR
N12934;XE;1997;EMB-145EP
N13949;XE;1998;EMB-145LR
N13994;XE;2000;EMB-145LR
N14158;XE;2004;EMB-145XR
N14125;XE;2003;EMB-145XR
N13935;XE;1997;EMB-145EP
N13975;XE;1999;EMB-145LR
N11535;XE;2001;EMB-145LR
N13132;XE;2003;EMB-145XR
N11181;XE;2005;EMB-145XR
N15980;XE;1999;EMB-145LR
N12564;XE;2002;EMB-145LR
N12201;XE;2006;EMB-145XR
N11536;XE;2001;EMB-145LR
N17185;XE;2005;EMB-145XR
N13992;XE;2000;EMB-145LR
N14972;XE;1999;EMB-145LR
N17146;XE;2003;EMB-145XR
N16183;XE;2005;EMB-145XR
N14179;XE;2005;EMB-145XR
N13964;XE;1999;EMB-145LR
N13566;XE;2002;EMB-145LR
N11539;XE;2001;EMB-145LR
N11106;XE;2002;EMB-145XR
N18982;XE;2000;EMB-145LR
N15572;XE;2002;EMB-145LR
N12567;XE;2002;EMB-145LR
N13538;XE;2001;EMB-145LR
N12900;XE;2001;EMB-145LR
N11565;XE;2002;EMB-145LR
N13958;XE;1998;EMB-145LR
N19966;XE;1999;EMB-145LR
N11193;XE;2005;EMB-145XR
N14939;XE;1997;EMB-145EP
N11127;XE;2003;EMB-145XR
N12996;XE;2000;EMB-145LR
N41104;XE;2002;EMB-145XR
N14171;XE;2004;EMB-145XR
N13965;XE;1999;EMB-145LR
N18102;XE;2002;EMB-145XR
N11189;XE;2005;EMB-145XR
N11544;XE;2002;EMB-145LR
N16112;XE;2002;EMB-145XR
N15912;XE;2001;EMB-145LR
N13118;XE;2002;EMB-145XR
N11119;XE;2002;EMB-145XR
N16961;XE;1999;EMB-145LR
N928LR;YV;2005;CL600-2D24
N651ML;YV;;CL-600-2B19
N37342;YV;1999;CL-600-2B19
N27318;YV;1999;CL-600-2B19
N77302;YV;1999;CL-600-2B19
N87353;YV;1999;CL-600-2B19
N77278;YV;1998;CL-600-2B19
N916FJ;YV;2004;CL600-2D24
N919FJ;YV;2004;CL600-2D24
N942LR;YV;2005;CL600-2D24
N939LR;YV;2005;CL600-2D24
N921FJ;YV;2004;CL600-2D24
N934FJ;YV;2005;CL600-2D24
N929LR;YV;2005;CL600-2D24
N935LR;YV;2005;CL600-2D24
N925FJ;YV;2004;CL600-2D24
N915FJ;YV;;CL600-2D24
N908FJ;YV;2003;CL600-2D24
N910FJ;YV;2003;CL600-2D24
N922FJ;YV;2004;CL600-2D24
N917FJ;YV;2004;CL600-2D24
N932LR;YV;2005;CL600-2D24
N911FJ;YV;2003;CL600-2D24
N904FJ;YV;2003;CL600-2D24
N913FJ;YV;2004;CL600-2D24
N956LR;YV;2005;CL600-2D24
N933LR;YV;2005;CL600-2D24
N903FJ;YV;2003;CL600-2D24
N920FJ;YV;2004;CL600-2D24
N907FJ;YV;2003;CL600-2D24
N909FJ;YV;2003;CL600-2D24
N17337;YV;1999;CL-600-2B19
N17358;YV;;CL-600-2B19
N7264V;YV;1998;CL-600-2B19
N906FJ;YV;2003;CL600-2D24
N7291Z;YV;1999;CL-600-2B19
N17231;YV;1998;CL-600-2B19
N7305V;YV;1999;CL-600-2B19
N914FJ;YV;2004;CL600-2D24
N930LR;YV;2005;CL600-2D24
N902FJ;YV;2003;CL600-2D24
N37178;YV;1997;CL-600-2B19
N77260;YV;1998;CL-600-2B19
N449YV;YV;1996;DHC-8-202
N918FJ;YV;2004;CL600-2D24
N987HA;YV;1996;DHC-8-202
N437YV;YV;;DHC-8-202
N17275;YV;1998;CL-600-2B19
N988HA;YV;1996;DHC-8-202
N989HA;YV;1996;DHC-8-202
N924FJ;YV;2004;CL600-2D24
N938LR;YV;2005;CL600-2D24
N926LR;YV;2004;CL600-2D24
N931LR;YV;2005;CL600-2D24
N97325;YV;1999;CL-600-2B19
N991HA;YV;1996;DHC-8-202
N923FJ;YV;2004;CL600-2D24
N77286;YV;1999;CL-600-2B19
N27191;YV;1997;CL-600-2B19
N502MJ;YV;2002;CL-600-2C10
N504MJ;YV;2002;CL-600-2C10
N27314;YV;1999;CL-600-2B19
N519LR;YV;2006;CL-600-2C10
N75994;YV;2000;CL-600-2B19
N507MJ;YV;2003;CL-600-2C10
N75992;YV;2000;CL-600-2B19
N444YV;YV;1996;DHC-8-202
N516LR;YV;2006;CL-600-2C10
N505MJ;YV;2002;CL-600-2C10
N511MJ;YV;2003;CL-600-2C10
N510MJ;YV;2003;CL-600-2C10
N508MJ;YV;2003;CL-600-2C10
N75996;YV;1999;CL-600-2B19
N47202;YV;1997;CL-600-2B19
N75995;YV;1999;CL-600-2B19
N455YV;YV;1997;DHC-8-202
N445YV;YV;1996;DHC-8-202
N509MJ;YV;2003;CL-600-2C10
N503MJ;YV;2002;CL-600-2C10
N506MJ;YV;2002;CL-600-2C10
N570ML;YV;1997;CL-600-2B19
N75987;YV;;CL-600-2B19
N17156;YV;1996;CL-600-2B19
N521LR;YV;2006;CL-600-2C10
N518LR;YV;2006;CL-600-2C10
N17175;YV;1997;CL-600-2B19
N77195;YV;1997;CL-600-2B19
N571ML;YV;1997;CL-600-2B19
N448YV;YV;1996;DHC-8-202
N650ML;YV;1996;CL-600-2B19
N454YV;YV;1997;DHC-8-202
N515MJ;YV;2003;CL-600-2C10
N446YV;YV;1996;DHC-8-202
N447YV;YV;1996;DHC-8-202
N434YV;YV;1996;DHC-8-202
N27185;YV;1997;CL-600-2B19
N27172;YV;1997;CL-600-2B19
N37208;YV;1997;CL-600-2B19
N75998;YV;1999;CL-600-2B19
N77181;YV;1997;CL-600-2B19
N513MJ;YV;2003;CL-600-2C10
N436YV;YV;1996;DHC-8-202
N514MJ;YV;2003;CL-600-2C10
N501MJ;YV;2002;CL-600-2C10
N715SF;YV;1996;CL-600-2B19
N154SF;YV;1996;CL-600-2B19
N75991;YV;;CL-600-2B19
N512MJ;YV;2003;CL-600-2C10
N77331;YV;1999;CL-600-2B19
