id_director;id_persona;id_obra
1;21;2
2;37;3
3;47;6
4;54;10
5;55;10
6;57;12
7;59;14
8;47;15
9;70;19
10;73;19
11;76;20
12;77;20
13;79;24
14;70;26
15;103;27
16;115;31
17;120;35
18;124;38
19;135;40
20;150;43
21;158;48
22;162;49
23;164;49
24;199;51
25;204;53
26;207;53
27;208;54
28;215;56
29;218;57
30;229;61
31;239;62
32;241;62
33;244;62
34;245;62
35;251;63
36;253;65
37;254;65
38;255;65
39;257;66
40;264;68
41;270;70
42;70;71
43;272;71
44;293;81
45;296;82
46;302;84
47;304;84
48;305;85
49;307;86
50;309;86
51;315;86
52;320;86
53;330;89
54;334;90
55;394;93
56;397;93
57;398;94
58;408;103
59;409;104
60;411;106
61;427;107
62;448;112
63;453;113
64;460;114
65;463;114
66;471;119
67;476;123
68;478;125
69;70;125
70;505;133
71;510;135
72;524;140
73;526;142
74;534;143
75;536;143
76;47;148
77;549;153
78;478;155
79;556;155
80;606;156
81;612;158
82;623;158
83;654;159
84;656;159
85;664;164
86;673;166
87;675;166
88;676;167
89;692;168
90;694;170
91;749;177
92;750;177
93;755;180
94;771;184
95;253;187
96;782;187
97;796;193
98;798;193
99;811;197
100;820;199
101;941;208
102;796;213
103;796;213
104;796;213
105;796;213
106;796;213
107;796;213
108;796;213
109;796;213
110;796;213
111;796;213
112;796;213
113;796;213
114;54;214
115;1190;216
116;1192;218
117;1198;219
118;1237;224
119;505;225
120;222;225
121;1249;227
122;1251;228
123;1258;229
124;522;229
125;1265;229
126;1266;229
127;1272;230
128;1329;242
129;1340;242
130;1362;248
131;1374;250
132;1376;253
133;1381;254
134;1384;256
135;70;256
136;1395;259
137;1412;263
138;1426;264
139;1436;265
140;820;272
141;1449;274
142;70;279
143;1451;280
144;1453;282
145;253;283
146;1470;283
147;1472;283
148;1473;284
149;1475;285
150;1477;285
151;1479;288
152;1480;288
153;1481;288
154;54;291
155;330;293
156;70;295
157;1492;295
158;1498;301
159;1500;303
160;1522;305
161;1522;305
162;1542;305
163;1567;305
164;1569;305
165;70;306
166;1583;306
167;1589;307
168;1591;308
169;1593;310
170;1600;311
171;1602;315
172;550;317
173;1603;319
174;1609;324
175;477;328
176;1612;331
177;1616;333
178;1617;333
179;1620;336
180;1623;336
181;1631;336
182;1643;336
183;1665;336
184;1669;336
185;1673;336
186;1678;337
187;1680;337
188;1687;337
189;1688;337
190;1729;340
191;1740;350
192;1741;350
193;305;351
194;73;353
195;1760;360
196;1783;366
197;1804;368
198;1819;368
199;824;368
200;1826;369
201;1827;369
202;1828;369
203;1832;370
204;739;371
205;1834;372
206;1835;374
207;1844;375
208;1850;377
209;448;378
210;1802;380
211;552;383
212;1874;383
213;181;383
214;1879;385
215;1890;388
216;1340;389
217;1905;391
218;47;392
219;1937;395
220;510;396
221;1982;397
222;1993;398
223;59;402
224;2000;402
225;2001;403
226;2010;408
227;1494;413
228;2035;415
229;2037;417
230;2077;419
231;2148;420
232;671;420
233;2163;426
234;2166;430
235;1834;430
236;2175;436
237;2177;437
238;2186;441
239;2192;446
240;2193;446
241;2198;447
242;1763;449
243;2205;451
244;1473;452
245;1602;453
246;2219;456
247;2228;459
248;398;462
249;2232;464
250;2244;470
251;199;471
252;2249;472
253;2250;472
254;2263;475
255;2278;481
256;2282;482
257;914;483
258;1602;499
259;1905;505
260;2317;506
261;2319;506
262;2321;508
263;2322;508
264;2001;508
265;2324;510
266;2333;520
267;2336;521
268;1620;523
269;744;523
270;1648;523
271;1668;523
272;2411;531
273;2420;538
274;2424;538
275;2427;542
276;2430;543
277;2433;545
278;2362;549
279;2443;550
280;2461;555
281;2462;558
282;59;559
283;2484;572
284;2488;573
285;2492;575
286;2493;575
287;2495;575
288;2527;579
289;2528;579
290;510;580
291;2529;581
292;2530;581
293;2534;582
294;2537;585
295;1436;592
296;181;592
297;2584;597
298;2600;601
299;2601;601
300;2602;601
301;2603;601
302;245;601
303;2610;605
304;1436;607
305;1761;610
306;2615;610
307;510;619
308;2628;627
309;2633;630
310;2637;637
311;552;637
312;2638;637
313;2644;639
314;2648;642
315;59;644
316;448;646
317;692;651
318;235;653
319;2712;655
320;2715;656
321;510;658
322;2717;659
323;2522;660
324;235;661
325;2729;662
326;2739;665
327;2741;665
328;2744;666
329;2748;666
330;2764;674
331;2766;675
332;2767;677
333;2778;683
334;2784;684
335;2785;684
336;55;685
337;2787;686
338;2809;694
339;2820;696
340;229;697
341;70;697
342;2831;699
343;272;702
344;2861;704
345;73;705
346;476;713
347;2446;716
348;2883;716
349;2885;716
350;2907;717
351;2917;717
352;2931;717
353;448;719
354;2963;721
355;2966;721
356;272;723
357;524;724
358;3017;727
359;1340;727
360;3038;727
361;1340;727
362;3017;727
363;3051;728
364;1905;730
365;120;732
366;67;740
367;3067;740
368;477;741
369;3083;744
370;3084;744
371;3087;744
372;3089;744
373;3093;746
374;3098;750
375;3104;753
376;3120;765
377;3123;766
378;2001;772
379;3137;778
380;3162;781
381;3267;782
382;2520;784
383;3306;786
384;2282;789
385;3308;790
386;1602;791
387;3316;795
388;3318;796
389;673;800
390;453;801
391;1340;816
392;1265;822
393;3370;822
394;3373;822
395;3385;825
396;3405;826
397;3409;829
398;3410;830
399;3413;837
400;3421;839
401;550;840
402;239;848
403;305;848
404;3437;849
405;3453;854
406;3463;855
407;3477;857
408;656;857
409;3479;862
410;3481;863
411;1329;867
412;1340;867
413;448;871
414;54;871
415;3051;875
416;3503;880
417;244;882
418;1190;883
419;253;895
420;2249;900
421;1826;901
422;1828;901
423;3534;903
424;3038;903
425;3548;905
426;3608;910
427;3481;917
428;3633;919
429;1589;924
430;3647;924
431;3648;926
432;510;927
433;3437;929
434;3659;933
435;3661;938
436;3684;943
437;3685;944
438;1620;949
439;3700;949
440;208;952
441;1192;953
442;1905;954
443;3725;955
444;3463;956
445;3731;957
446;744;968
447;3746;971
448;3783;975
449;2008;977
450;1494;977
451;3789;978
452;3791;978
453;3851;981
454;3490;982
455;2831;982
456;612;986
457;3421;986
458;302;987
459;3885;990
460;1498;991
461;3038;993
462;3684;993
463;3038;993
464;1340;993
465;3909;993
466;3038;993
467;3684;993
468;3684;993
469;3940;995
470;2233;997
471;2234;997
472;3946;998
473;3947;998
474;3948;998
475;3949;1001
476;3961;1007
477;552;1008
478;3979;1010
479;1802;1011
480;1920;1014
481;510;1017
482;2177;1020
483;4007;1020
484;1783;1022
485;2420;1026
486;4044;1028
487;654;1030
488;4055;1031
489;2010;1039
490;181;1042
491;739;1045
492;510;1046
493;3373;1047
494;4097;1050
495;4099;1052
496;1611;1052
497;47;1054
498;4106;1055
499;2148;1055
500;673;1055
501;675;1055
502;4132;1056
503;70;1063
504;1340;1064
505;4155;1067
506;4156;1067
507;4159;1067
508;4172;1069
509;4180;1070
510;4203;1070
511;4229;1070
512;334;1071
513;334;1072
514;3498;1078
515;4238;1079
516;253;1084
517;4252;1086
518;4254;1086
519;4258;1088
520;4264;1088
521;1105;1088
522;1105;1088
523;1105;1088
524;1105;1088
525;1105;1088
526;1105;1088
527;1105;1088
528;1105;1088
529;1105;1088
530;1105;1088
531;1105;1088
532;1105;1088
533;4336;1091
534;4340;1092
535;4345;1097
536;4352;1100
537;556;1103
538;739;1108
539;2648;1114
540;4392;1115
541;744;1121
542;1451;1126
543;4449;1127
544;4453;1132
545;4454;1133
546;1394;1136
547;4258;1140
548;4458;1141
549;2628;1144
550;4464;1144
551;4466;1144
552;4468;1145
553;4471;1149
554;1460;1149
555;4472;1149
556;4477;1152
557;4481;1154
558;2744;1159
559;4488;1159
560;4501;1160
561;4507;1160
562;694;1163
563;4542;1180
564;4543;1181
565;4544;1182
566;4588;1183
567;4596;1184
568;4599;1184
569;1329;1185
570;4604;1189
571;156;1195
572;208;1197
573;4621;1198
574;4623;1200
575;533;1200
576;534;1200
577;70;1201
578;811;1202
579;4650;1205
580;1498;1212
581;4690;1214
582;3285;1214
583;1498;1217
584;2034;1218
585;4703;1219
586;54;1220
587;253;1221
588;4707;1223
589;4711;1223
590;471;1223
591;2177;1223
592;3507;1225
593;4723;1228
594;4726;1228
595;4730;1232
596;4732;1232
597;4733;1232
598;4734;1232
599;4735;1232
600;2638;1232
601;4736;1232
602;4749;1241
603;4766;1249
604;4798;1249
605;4766;1249
606;4823;1249
607;4851;1249
608;4867;1249
609;3051;1250
610;4870;1252
611;4055;1254
612;4889;1265
613;4900;1272
614;4914;1272
615;4915;1272
616;4921;1272
617;2446;1273
618;4925;1273
619;4926;1275
620;4929;1278
621;4931;1278
622;4935;1278
623;2628;1281
624;218;1284
625;4942;1284
626;4711;1292
627;4951;1295
628;2617;1296
629;4957;1297
630;70;1297
631;4963;1300
632;120;1313
633;453;1318
634;112;1328
635;47;1328
636;2420;1330
637;2717;1339
638;150;1340
639;5094;1342
640;914;1346
641;5118;1350
642;1834;1353
643;5128;1366
644;5129;1371
645;5129;1372
646;1602;1374
647;3684;1374
648;3700;1375
649;4455;1379
650;47;1380
651;820;1381
652;5171;1385
653;5175;1387
654;5177;1387
655;5178;1387
656;215;1391
657;5203;1396
658;5212;1396
659;811;1397
660;5214;1398
661;5129;1399
662;4507;1399
663;5227;1402
664;2333;1407
665;5258;1408
666;3684;1412
667;1494;1413
668;5267;1415
669;5270;1418
670;1394;1421
671;755;1423
672;4157;1424
673;1394;1426
674;5291;1427
675;2602;1433
676;5314;1436
677;4337;1436
678;4488;1440
679;5321;1440
680;5322;1440
681;5335;1441
682;5339;1442
683;5340;1444
684;763;1446
685;5347;1452
686;2166;1454
687;5353;1459
688;5355;1462
689;5356;1462
690;70;1464
691;1581;1473
692;67;1473
693;5414;1474
694;5415;1474
695;5416;1474
696;5425;1476
697;4604;1476
698;5439;1478
699;5443;1480
700;5451;1489
701;5452;1489
702;112;1491
703;5464;1494
704;1329;1499
705;305;1500
706;5490;1501
707;5503;1502
708;5503;1502
709;5503;1502
710;5503;1502
711;5503;1502
712;5503;1502
713;5503;1502
714;5534;1503
715;5546;1504
716;5549;1505
717;3316;1506
718;744;1508
719;1913;1511
720;218;1515
721;549;1526
722;5596;1528
723;510;1537
724;526;1546
725;5614;1549
726;798;1553
727;3424;1553
728;5625;1554
729;5647;1556
730;5676;1564
731;5680;1565
732;1761;1568
733;47;1571
734;5687;1572
735;2202;1574
736;796;1577
737;5697;1577
738;1836;1578
739;47;1583
740;229;1585
741;820;1588
742;5715;1596
743;229;1597
744;5719;1598
745;510;1600
746;5742;1614
747;1383;1619
748;409;1620
749;5756;1621
750;5760;1622
751;5763;1622
752;505;1626
753;2165;1631
754;478;1633
755;3507;1636
756;5786;1637
757;5039;1639
758;5792;1640
759;820;1643
760;70;1645
761;4157;1645
762;1340;1647
763;2831;1647
764;4947;1652
765;744;1655
766;272;1656
767;5822;1657
768;5823;1657
769;77;1658
770;5548;1662
771;1589;1662
772;5550;1662
773;5858;1669
774;4734;1673
775;5877;1678
776;5415;1685
777;3947;1686
778;111;1693
779;5925;1698
780;5926;1698
781;5039;1699
782;4477;1701
783;5929;1703
784;5937;1711
785;5991;1718
786;5992;1719
787;5998;1720
788;6004;1721
789;6016;1722
790;6033;1723
791;5743;1724
792;6041;1725
793;771;1726
794;6177;1727
795;6206;1728
796;6207;1728
797;6209;1729
798;6243;1730
799;6246;1731
800;6247;1732
801;6248;1733
802;6249;1734
803;6276;1735
804;6277;1735
805;6287;1736
806;6299;1737
807;6300;1737
808;6324;1738
809;6334;1739
810;6342;1740
811;6347;1741
812;6356;1741
813;6390;1742
814;6397;1743
815;6444;1744
816;5682;1745
817;6479;1746
818;6506;1747
819;97;1749
820;6581;1750
821;6033;1751
822;6590;1752
823;6598;1753
824;6016;1754
825;6642;1755
826;6704;1756
827;6713;1757
828;6774;1758
829;6779;1759
830;2703;1760
831;2708;1760
832;6792;1761
833;6812;1762
834;6824;1763
835;4760;1764
836;6838;1765
837;4596;1766
838;6899;1767
839;6905;1768
840;6922;1769
841;6926;1770
842;140;1771
843;6946;1772
844;6960;1773
845;6961;1774
846;6978;1775
847;6985;1776
848;7020;1777
849;7026;1778
850;7031;1779
851;7049;1780
852;7070;1781
853;7081;1782
854;7103;1783
855;7111;1784
856;6778;1785
857;7113;1786
858;7118;1787
859;7129;1787
860;7135;1788
861;7175;1789
862;7192;1790
863;7194;1790
864;7202;1791
865;7219;1792
866;7221;1793
867;248;1794
868;1251;1795
869;7243;1796
870;7249;1797
871;4132;1798
872;7270;1799
873;7276;1800
874;4703;1801
875;7341;1802
876;7249;1803
877;6581;1804
878;94;1805
879;7426;1806
880;7431;1807
881;7432;1807
882;7437;1808
883;7444;1808
884;7474;1809
885;6590;1810
886;7496;1811
887;6300;1812
888;7500;1813
889;7513;1814
890;7534;1815
891;7559;1816
892;7597;1817
893;2117;1817
894;7606;1818
895;7609;1819
896;7612;1819
897;6033;1820
898;7698;1821
899;7704;1822
900;7708;1823
901;7716;1824
902;7724;1825
903;6033;1826
904;5966;1827
905;7759;1828
906;7762;1828
907;7763;1829
908;2263;1830
909;7513;1831
910;3731;1832
911;5118;1833
912;7811;1834
913;3104;1835
914;4258;1836
915;4760;1837
916;7858;1838
917;7859;1838
918;6390;1839
919;7879;1840
920;5700;1841
921;5700;1842
922;7899;1843
923;5992;1844
924;6390;1845
925;7899;1846
926;6033;1847
927;6590;1848
928;7513;1849
929;7958;1850
930;7899;1851
931;2192;1852
932;8002;1853
933;8010;1854
934;3104;1855
935;8016;1856
936;8020;1857
937;8074;1858
938;8082;1859
939;8093;1860
940;8125;1861
941;6994;1862
942;1116;1863
943;8221;1864
944;8010;1865
945;8226;1866
946;8227;1867
947;1611;1868
948;8228;1869
949;6590;1870
950;8232;1871
951;2600;1872
952;8340;1873
953;8369;1874
954;8397;1875
955;8403;1876
956;8431;1877
957;7111;1878
958;8455;1879
959;8475;1880
960;8478;1880
961;8495;1881
962;8509;1882
963;1439;1883
964;2416;1883
965;8555;1884
966;8559;1884
967;8560;1885
968;7406;1886
969;8615;1887
970;4703;1888
971;8645;1889
972;8669;1890
973;8678;1891
974;8689;1891
975;8711;1892
976;5789;1893
977;8731;1894
978;6598;1895
979;7698;1897
980;8759;1898
981;8763;1899
982;7432;1900
983;8780;1901
984;7917;1902
985;8786;1903
986;8792;1904
987;3348;1905
988;8960;1906
989;8963;1907
990;8971;1908
991;8979;1909
992;8994;1910
993;6390;1911
994;6994;1912
995;9010;1913
996;9067;1914
997;6818;1915
998;4719;1915
999;1740;1916
1000;9094;1917
1001;8101;1918
1002;9104;1918
1003;9123;1919
1004;1819;1920
1005;9149;1921
1006;1289;1922
1007;9177;1923
1008;9178;1923
1009;7111;1924
1010;9193;1925
1011;9211;1926
1012;9211;1927
1013;9232;1928
1014;6621;1929
1015;6704;1930
1016;9256;1931
1017;8015;1932
1018;9262;1933
1019;1819;1934
1020;4596;1935
1021;9283;1936
1022;9301;1937
1023;9325;1938
1024;9336;1939
1025;7698;1940
1026;9342;1941
1027;5992;1942
1028;5992;1943
1029;9346;1944
1030;9347;1945
1031;9361;1946
1032;1871;1947
1033;9076;1948
1034;5744;1949
1035;9373;1949
1036;9376;1950
1037;9379;1950
1038;9404;1951
1039;9445;1952
1040;7899;1953
1041;9455;1954
1042;9459;1955
1043;8369;1956
1044;9479;1957
1045;6590;1958
1046;3104;1959
1047;3104;1960
1048;9346;1961
1049;9346;1962
1050;7135;1963
1051;9508;1964
1052;2600;1965
1053;9522;1966
1054;9525;1967
1055;9531;1969
1056;8158;1970
1057;8764;1971
1058;9563;1972
1059;3949;1972
1060;8184;1973
1061;7698;1974
1062;9587;1975
1063;9602;1976
1064;9609;1977
1065;8228;1978
1066;8101;1979
1067;9634;1980
1068;9636;1981
1069;9652;1981
1070;7909;1982
1071;9687;1983
1072;9704;1984
1073;9712;1985
1074;9010;1986
1075;9714;1987
1076;1871;1988
1077;8121;1989
1078;4707;1990
1079;6835;1991
1080;6621;1992
1081;7239;1993
1082;9258;1994
1083;9794;1994
1084;7909;1995
1085;9804;1996
1086;9813;1997
1087;8752;1998
1088;8752;1999
1089;9859;2000
1090;140;2001
1091;5720;2002
1092;2192;2003
1093;9884;2004
1094;9890;2005
1095;9901;2006
1096;9907;2007
1097;9890;2008
1098;9932;2009
1099;9946;2010
1100;7724;2011
1101;9993;2012
1102;140;2013
1103;4126;2014
1104;10040;2015
1105;4488;2015
1106;8486;2015
1107;10044;2015
1108;10050;2015
1109;6389;2015
1110;7704;2016
1111;10062;2017
1112;10063;2017
1113;10064;2017
1114;10081;2018
1115;10089;2019
1116;1741;2019
1117;3856;2020
1118;10097;2021
1119;10121;2022
1120;10129;2023
1121;10152;2024
1122;2013;2025
1123;10182;2026
1124;10212;2027
1125;8093;2028
1126;10237;2029
1127;4867;2030
1128;10253;2031
1129;6905;2032
1130;6475;2033
1131;6476;2034
1132;10348;2035
1133;10358;2036
1134;5858;2037
1135;8711;2038
1136;7211;2039
1137;9932;2040
1138;7901;2041
1139;10448;2042
1140;10455;2043
1141;10480;2044
1142;10500;2045
1143;10533;2046
1144;10546;2047
1145;10548;2047
1146;10553;2048
1147;10560;2049
1148;7982;2050
1149;2740;2051
1150;7724;2052
1151;3348;2053
1152;10601;2055
1153;4615;2056
1154;10617;2057
1155;9222;2058
1156;10632;2059
1157;7035;2060
1158;10634;2061
1159;10636;2061
1160;9404;2062
1161;4055;2063
1162;10704;2064
1163;9067;2065
1164;10738;2066
1165;10749;2067
1166;10754;2068
1167;10120;2069
1168;10897;2070
1169;10898;2071
1170;6808;2072
1171;140;2073
1172;10913;2074
1173;10918;2075
1174;140;2076
1175;10920;2077
1176;11008;2078
1177;8995;2079
1178;11017;2080
1179;6299;2081
1180;6300;2081
1181;11020;2082
1182;2012;2083
1183;11027;2084
1184;7513;2085
1185;11040;2086
1186;11046;2087
1187;9211;2088
1188;11055;2089
1189;11065;2090
1190;2632;2091
1191;3465;2092
1192;11096;2093
1193;11106;2094
1194;9304;2095
1195;8136;2096
1196;11136;2097
1197;11138;2098
1198;11144;2099
1199;6621;2100
1200;11168;2101
1201;7219;2102
1202;3348;2103
1203;11229;2104
1204;11267;2105
1205;11278;2106
1206;11294;2107
1207;11307;2108
1208;9884;2109
1209;4798;2110
1210;9531;2111
1211;11402;2112
1212;11411;2113
1213;8756;2114
1214;9889;2115
1215;11438;2116
1216;11441;2117
1217;6621;2118
1218;8184;2119
1219;7698;2120
1220;11476;2121
1221;1289;2122
1222;6300;2123
1223;11539;2124
1224;11540;2124
1225;10237;2125
1226;11560;2126
1227;11566;2127
1228;8369;2128
1229;8015;2129
1230;11597;2130
1231;11627;2131
1232;11628;2132
1233;140;2133
1234;11636;2134
1235;11638;2135
1236;6590;2136
1237;8158;2137
1238;11646;2138
1239;11648;2139
1240;5304;2140
1241;427;2141
1242;11706;2142
1243;3104;2143
1244;11719;2144
1245;7511;2145
1246;11731;2145
1247;6042;2146
1248;7707;2147
1249;3348;2148
1250;11757;2149
1251;9010;2149
1252;11763;2150
1253;11764;2150
1254;11017;2151
1255;7513;2152
1256;9123;2153
1257;11799;2154
1258;6660;2155
1259;11812;2156
1260;11816;2157
1261;11817;2158
1262;11357;2159
1263;6249;2160
1264;9286;2161
1265;407;2162
1266;11869;2162
1267;7081;2163
1268;11923;2164
1269;11957;2165
1270;11969;2166
1271;9067;2167
1272;6299;2168
1273;12014;2169
1274;7909;2170
1275;12029;2171
1276;12043;2172
1277;12044;2173
1278;7081;2174
1279;12056;2175
1280;7035;2176
1281;6004;2177
1282;8980;2178
1283;8495;2179
1284;6792;2180
1285;12135;2181
1286;12157;2182
1287;10711;2183
1288;6708;2184
1289;10106;2184
1290;7111;2185
1291;199;2186
1292;12207;2187
1293;3104;2188
1294;12218;2189
1295;10097;2190
1296;12223;2191
1297;12231;2192
1298;12256;2193
1299;12263;2194
1300;11719;2195
1301;12266;2196
1302;7474;2197
1303;12297;2198
1304;37;2199
1305;12310;2200
1306;12314;2201
1307;12315;2201
1308;5118;2202
1309;427;2203
1310;12330;2204
1311;7788;2205
1312;6142;2206
1313;6835;2207
1314;12362;2208
1315;9901;2209
1316;12391;2210
1317;12421;2211
1318;7513;2212
1319;8369;2213
1320;7070;2214
1321;9531;2215
1322;10704;2216
1323;11166;2217
1324;6621;2218
1325;12530;2219
1326;1805;2220
1327;12542;2221
1328;7725;2222
1329;9211;2223
1330;9232;2224
1331;12591;2225
1332;4448;2226
1333;11731;2227
1334;12619;2228
1335;9587;2229
1336;6778;2230
1337;12630;2230
1338;803;2230
1339;11276;2231
1340;6961;2232
1341;12665;2233
1342;12666;2233
1343;6590;2233
1344;12667;2234
1345;12668;2234
1346;7249;2235
1347;12712;2237
1348;12541;2238
1349;12779;2239
1350;12783;2240
1351;12793;2241
1352;12803;2242
1353;7909;2243
1354;9259;2244
1355;12815;2245
1356;12828;2246
1357;8090;2247
1358;7474;2248
1359;2012;2249
1360;7909;2250
1361;12852;2251
1362;10121;2252
1363;12859;2253
1364;11566;2254
1365;12882;2254
1366;12223;2255
1367;12891;2256
1368;140;2257
1369;9010;2258
1370;12909;2259
1371;12915;2260
1372;8369;2261
1373;12919;2262
1374;6778;2263
1375;7707;2264
1376;9404;2264
1377;7249;2265
1378;12934;2266
1379;12935;2266
1380;12936;2267
1381;12942;2268
1382;479;2270
1383;12958;2270
1384;13001;2271
1385;13009;2272
1386;13020;2273
1387;9873;2274
1388;12542;2275
1389;13040;2276
1390;13046;2277
1391;13052;2278
1392;13066;2279
1393;11719;2280
1394;9232;2281
1395;471;2282
1396;13090;2283
1397;13106;2284
1398;798;2285
1399;8095;2286
1400;13172;2287
1401;1120;2288
1402;13183;2289
1403;13184;2290
1404;13213;2291
1405;6926;2292
1406;9258;2293
1407;13240;2294
1408;13305;2295
1409;8509;2296
1410;10913;2297
1411;7279;2298
1412;13334;2299
1413;13348;2300
1414;140;2301
1415;6935;2301
1416;13353;2302
1417;13356;2303
1418;13360;2304
1419;13376;2305
1420;11439;2306
1421;124;2308
1422;12135;2309
1423;13407;2310
1424;7081;2311
1425;11294;2312
1426;8731;2313
1427;13429;2314
1428;13445;2315
1429;13481;2316
1430;13485;2317
1431;13487;2318
1432;4760;2319
1433;13490;2319
1434;13494;2320
1435;13501;2321
1436;2362;2322
1437;6621;2323
1438;13548;2324
1439;5998;2325
1440;8093;2326
1441;13559;2327
1442;13580;2328
1443;13611;2329
1444;8228;2330
1445;13616;2331
1446;11560;2332
1447;6713;2333
1448;13727;2334
1449;6004;2335
1450;13741;2336
1451;8095;2337
1452;407;2338
1453;13783;2339
1454;12135;2340
1455;13811;2341
1456;7194;2342
1457;13836;2343
1458;12092;2344
1459;4902;2345
1460;12852;2346
1461;7513;2347
1462;8228;2348
1463;13848;2349
1464;6033;2350
1465;13891;2351
1466;13903;2352
1467;13907;2353
1468;13911;2353
1469;9067;2354
1470;13006;2355
1471;13929;2357
1472;12044;2358
1473;5466;2359
1474;2603;2360
1475;13951;2361
1476;8016;2362
1477;13954;2363
1478;13957;2364
1479;13305;2365
1480;11276;2366
1481;11276;2367
1482;796;2368
1483;11276;2369
1484;13996;2370
1485;9670;2371
1486;8010;2372
1487;9232;2373
1488;14023;2374
1489;14027;2375
1490;14052;2376
1491;14059;2377
1492;14060;2377
1493;11817;2378
1494;2192;2379
1495;13047;2380
1496;7513;2381
1497;14123;2382
1498;7513;2383
1499;14134;2384
1500;6905;2384
1501;636;2384
1502;2192;2384
1503;204;2384
1504;9259;2384
1505;2601;2384
1506;3737;2384
1507;207;2384
1508;6905;2386
1509;14145;2386
1510;6906;2386
1511;9873;2386
1512;11560;2386
1513;13213;2386
1514;14151;2386
1515;6475;2386
1516;4798;2387
1517;13348;2388
1518;4867;2389
1519;13183;2390
1520;9563;2391
1521;14188;2392
1522;14201;2393
1523;9094;2394
1524;4798;2395
1525;4535;2396
1526;14236;2397
1527;11817;2398
1528;37;2399
1529;8792;2400
1530;8792;2401
1531;14312;2402
1532;13213;2403
1533;14374;2404
1534;140;2405
1535;14423;2406
1536;14424;2407
1537;5550;2408
1538;14440;2409
1539;6016;2410
1540;6715;2411
1541;10256;2412
1542;9232;2413
1543;11017;2414
1544;8101;2415
1545;12920;2416
1546;14484;2417
1547;3548;2418
1548;6930;2419
1549;3731;2420
1550;2740;2421
1551;6905;2422
1552;14548;2423
1553;6287;2424
1554;5118;2425
1555;204;2426
1556;14554;2427
1557;14561;2428
1558;9932;2429
1559;11040;2430
1560;1805;2430
1561;1813;2430
1562;7725;2430
1563;14587;2431
1564;8971;2431
1565;14591;2431
1566;14592;2431
1567;7788;2432
1568;4760;2433
1569;13340;2434
1570;6713;2435
1571;11560;2436
1572;7135;2437
1573;14650;2438
1574;9509;2439
1575;9067;2440
1576;14672;2441
1577;3731;2442
1578;11386;2443
1579;4939;2444
1580;10081;2445
1581;13020;2446
1582;10081;2447
1583;9479;2448
1584;10081;2449
1585;4392;2450
1586;14780;2451
1587;14785;2452
1588;7211;2453
1589;14808;2454
1590;14809;2454
1591;14808;2455
1592;14809;2455
1593;4703;2456
1594;10617;2457
1595;5966;2458
1596;14839;2459
1597;13808;2460
1598;6590;2461
1599;14849;2462
1600;10097;2462
1601;14123;2463
1602;14863;2464
1603;14870;2465
1604;9522;2466
1605;10898;2467
1606;14965;2468
1607;14975;2469
1608;8278;2470
1609;10358;2471
1610;15012;2472
1611;15015;2473
1612;10760;2474
1613;6635;2475
1614;6590;2476
1615;8160;2477
1616;15048;2478
1617;28;2479
1618;7513;2480
1619;8340;2481
1620;15104;2482
1621;94;2483
1622;9873;2484
1623;7879;2485
1624;14123;2486
1625;9508;2487
1626;15139;2488
1627;9873;2489
1628;9508;2489
1629;15168;2490
1630;15172;2491
1631;15178;2492
1632;3856;2493
1633;15211;2494
1634;6475;2495
1635;2632;2496
1636;15276;2497
1637;7513;2498
1638;15278;2499
1639;15282;2500
1640;15057;2500
1641;8368;2501
1642;15291;2502
1643;15292;2503
1644;13951;2504
1645;6016;2505
1646;15306;2506
1647;15313;2507
1648;15342;2508
1649;15358;2509
1650;15370;2510
1651;15381;2511
1652;15383;2512
1653;15409;2513
1654;7698;2514
1655;15448;2515
1656;15462;2516
1657;15480;2517
1658;6835;2518
1659;14863;2519
1660;5992;2520
1661;9067;2521
1662;15513;2522
1663;8184;2523
1664;7723;2524
1665;15567;2525
1666;6269;2526
1667;7219;2527
1668;15595;2528
1669;15603;2529
1670;6598;2529
1671;8082;2530
1672;15620;2531
1673;15630;2532
1674;15632;2533
1675;15633;2534
1676;15634;2535
1677;207;2536
1678;15645;2537
1679;15652;2538
1680;3104;2539
1681;140;2540
1682;6621;2541
1683;15673;2542
1684;13006;2543
1685;9232;2544
1686;15687;2545
1687;15705;2546
1688;11276;2547
1689;8403;2548
1690;13917;2549
1691;245;2550
1692;15761;2551
1693;8369;2552
1694;9067;2553
1695;11504;2554
1696;9576;2555
1697;15870;2556
1698;4055;2557
1699;7081;2558
1700;15922;2559
1701;15924;2560
1702;15928;2561
1703;7205;2562
1704;7513;2563
1705;13340;2564
1706;11386;2565
1707;6704;2565
1708;7249;2566
1709;16028;2567
1710;9813;2568
1711;16049;2569
1712;11055;2570
1713;140;2571
1714;204;2572
1715;9376;2573
1716;9379;2573
1717;16082;2574
1718;16127;2575
1719;16128;2575
1720;16137;2575
1721;16139;2575
1722;9206;2576
1723;16152;2577
1724;6476;2578
1725;6791;2579
1726;12391;2580
1727;15462;2581
1728;3961;2582
1729;6704;2583
1730;16256;2584
1731;9466;2585
1732;6639;2586
1733;16280;2587
1734;16283;2588
1735;16291;2589
1736;2600;2590
1737;15168;2591
1738;16313;2592
1739;8393;2593
1740;16321;2594
1741;2192;2595
1742;7249;2596
1743;6835;2597
1744;16338;2598
1745;9206;2599
1746;7901;2600
1747;16350;2601
1748;16351;2601
1749;11104;2602
1750;16359;2603
1751;140;2604
1752;16377;2606
1753;9206;2607
1754;293;2608
1755;16415;2609
1756;8093;2610
1757;11017;2611
1758;16435;2612
1759;9361;2613
1760;16448;2614
1761;5304;2615
1762;7901;2616
1763;140;2617
1764;6935;2617
1765;796;2618
1766;14484;2619
1767;16478;2620
1768;16435;2621
1769;8658;2622
1770;14780;2623
1771;14638;2624
1772;15632;2625
1773;16513;2626
1774;4703;2627
1775;11027;2628
1776;16542;2629
1777;16566;2629
1778;8509;2630
1779;7707;2631
1780;16596;2632
1781;7081;2633
1782;11560;2634
1783;16631;2635
1784;3104;2636
1785;3104;2637
1786;7316;2638
1787;5858;2639
1788;293;2640
1789;16665;2641
1790;16667;2642
1791;7513;2643
1792;7513;2644
1793;13951;2645
1794;16435;2646
1795;16719;2647
1796;6905;2648
1797;16752;2649
1798;5676;2650
1799;2010;2651
1800;547;2651
1801;6475;2652
1802;10097;2653
1803;16765;2654
1804;13009;2655
1805;5118;2656
1806;771;2657
1807;7474;2658
1808;12919;2659
1809;10799;2659
1810;16834;2659
1811;12920;2659
1812;10050;2659
1813;9232;2660
1814;9067;2661
1815;7707;2662
1816;16884;2663
1817;7049;2664
1818;1473;2665
1819;6930;2666
1820;7724;2667
1821;16954;2668
1822;5676;2669
1823;2192;2670
1824;16990;2671
1825;16995;2672
1826;8169;2673
1827;8101;2674
1828;17045;2675
1829;6300;2676
1830;11731;2677
1831;8509;2678
1832;7513;2679
1833;17085;2680
1834;17092;2681
1835;17102;2683
1836;17109;2684
1837;17117;2685
1838;1475;2686
1839;16631;2687
1840;10500;2688
1841;12135;2689
1842;8490;2690
1843;17164;2691
1844;17167;2692
1845;17212;2693
1846;17234;2694
1847;17234;2695
1848;17280;2696
1849;3731;2697
1850;17313;2698
1851;17314;2698
1852;17315;2698
1853;17323;2699
1854;8101;2700
1855;3098;2701
1856;16678;2702
1857;17337;2703
1858;12391;2705
1859;9232;2706
1860;15712;2707
1861;17353;2708
1862;17354;2709
1863;17356;2709
1864;17359;2710
1865;17378;2710
1866;9376;2711
1867;9379;2711
1868;13047;2712
1869;4477;2713
1870;6926;2714
1871;7513;2715
1872;245;2716
1873;17438;2717
1874;17452;2719
1875;17455;2720
1876;17466;2721
1877;8711;2722
1878;17500;2723
1879;17509;2724
1880;17518;2725
1881;2282;2726
1882;2117;2727
1883;8101;2728
1884;17540;2729
1885;140;2730
1886;2602;2731
1887;10509;2732
1888;13951;2733
1889;9376;2734
1890;9379;2734
1891;12530;2735
1892;140;2736
1893;9206;2737
1894;17597;2738
1895;140;2739
1896;6935;2739
1897;8399;2740
1898;7211;2741
1899;10179;2742
1900;8711;2743
1901;16478;2745
1902;9404;2746
1903;6704;2747
1904;12231;2748
1905;17641;2749
1906;4132;2750
1907;11017;2751
1908;17650;2751
1909;7909;2752
1910;17660;2753
1911;8495;2754
1912;7683;2755
1913;17675;2756
1914;17066;2757
1915;13580;2758
1916;8403;2759
1917;140;2760
1918;17695;2761
1919;15462;2762
1920;17731;2763
1921;17735;2764
1922;16250;2765
1923;6476;2766
1924;7113;2767
1925;8528;2767
1926;17756;2768
1927;12143;2769
1928;7513;2770
1929;17767;2771
1930;17768;2771
1931;17771;2772
1932;17779;2773
1933;6835;2774
1934;9873;2775
1935;8369;2776
1936;8369;2777
1937;6835;2778
1938;10081;2779
1939;7724;2780
1940;7231;2781
1941;17840;2782
1942;6299;2783
1943;2012;2784
1944;12878;2785
1945;11604;2786
1946;13020;2787
1947;17900;2788
1948;7081;2789
1949;17910;2790
1950;9149;2792
1951;7917;2793
1952;3731;2794
1953;140;2795
1954;6935;2795
1955;7879;2796
1956;7597;2797
1957;17966;2798
1958;7982;2799
1959;17985;2800
1960;17994;2801
1961;9376;2802
1962;9379;2802
1963;14548;2803
1964;9286;2804
1965;18018;2805
1966;18019;2805
1967;18020;2805
1968;7899;2806
1969;6389;2807
1970;18036;2808
1971;18048;2809
1972;5700;2810
1973;6390;2811
1974;11276;2812
1975;4867;2813
1976;8711;2814
1977;18107;2814
1978;140;2815
1979;11504;2816
1980;15857;2816
1981;16416;2817
1982;18116;2818
1983;6085;2819
1984;18133;2820
1985;7500;2821
1986;13929;2822
1987;18142;2823
1988;5992;2824
1989;8184;2825
1990;17910;2826
1991;18150;2827
1992;11357;2828
1993;5700;2829
1994;7513;2830
1995;18169;2831
1996;16445;2832
1997;6946;2833
1998;10898;2834
1999;18190;2835
2000;1474;2836
2001;9259;2837
2002;15012;2838
2003;9346;2839
2004;3731;2840
2005;7111;2841
2006;15705;2842
2007;5858;2843
2008;3116;2844
2009;1286;2845
2010;13009;2846
2011;13009;2847
2012;18296;2848
2013;7725;2849
2014;18305;2850
2015;18316;2851
2016;15928;2852
2017;7207;2853
2018;6621;2854
2019;7081;2855
2020;17547;2856
2021;18358;2857
2022;7513;2858
2023;37;2859
2024;14188;2860
2025;18394;2860
2026;7219;2861
2027;18399;2862
2028;18401;2863
2029;7207;2864
2030;5858;2865
2031;18432;2866
2032;7513;2867
2033;18448;2868
2034;18485;2869
2035;18486;2870
2036;6033;2871
2037;9206;2872
2038;18501;2873
2039;13213;2874
2040;11560;2875
2041;7219;2876
2042;8160;2877
2043;7909;2878
2044;9211;2879
2045;18558;2880
2046;7513;2881
2047;6905;2882
2048;6621;2883
2049;18581;2884
2050;18594;2885
2051;18596;2885
2052;13009;2886
2053;18605;2887
2054;9149;2888
2055;12135;2889
2056;9873;2890
2057;11104;2891
2058;7070;2892
2059;8512;2893
2060;140;2894
2061;7194;2895
2062;18704;2896
2063;18712;2897
2064;18716;2898
2065;140;2899
2066;10129;2900
2067;8752;2901
2068;18735;2902
2069;18751;2903
2070;7513;2904
2071;508;2905
2072;18581;2906
2073;11411;2907
2074;7211;2908
2075;6476;2909
2076;7035;2910
2077;18735;2911
2078;636;2912
2079;18850;2913
2080;18857;2914
2081;18868;2915
2082;18888;2916
2083;18890;2917
2084;17900;2918
2085;10898;2919
2086;13434;2920
2087;2632;2921
2088;140;2922
2089;18942;2922
2090;13052;2923
2091;18958;2924
2092;6590;2925
2093;12391;2926
2094;6791;2927
2095;10702;2927
2096;1475;2928
2097;8368;2929
2098;18976;2930
2099;18983;2931
2100;18984;2931
2101;18989;2932
2102;12793;2933
2103;7909;2934
2104;13951;2935
2105;2655;2936
2106;19026;2937
2107;4471;2938
2108;19113;2939
2109;19123;2940
2110;9259;2941
2111;2012;2942
2112;17900;2943
2113;19136;2944
2114;19144;2945
2115;14052;2945
2116;4439;2945
2117;14849;2946
2118;5135;2947
2119;7111;2948
2120;7249;2949
2121;5789;2950
2122;19189;2951
2123;19190;2951
2124;19191;2952
2125;13951;2953
2126;2717;2954
2127;8979;2955
2128;8979;2956
2129;17767;2957
2130;9873;2958
2131;19285;2959
2132;3684;2960
2133;19292;2961
2134;19304;2962
2135;6812;2964
2136;13951;2965
2137;13951;2966
2138;19313;2967
2139;9206;2968
2140;19327;2969
2141;6033;2970
2142;9286;2971
2143;1048;2972
2144;13040;2973
2145;19349;2974
2146;14052;2975
2147;19362;2976
2148;324;2976
2149;19391;2977
2150;9067;2978
2151;12231;2979
2152;5992;2980
2153;19417;2981
2154;19420;2982
2155;19421;2983
2156;12909;2984
2157;7513;2985
2158;19451;2986
2159;19492;2987
2160;18748;2988
2161;19495;2988
2162;19496;2989
2163;8093;2990
2164;10097;2991
2165;10898;2992
2166;13904;2993
2167;19550;2994
2168;19565;2995
2169;11957;2996
2170;14484;2997
2171;15313;2998
2172;10298;2999
2173;140;3000
2174;7081;3001
2175;9286;3002
2176;14424;3003
2177;19635;3004
2178;19641;3005
2179;19643;3005
2180;7899;3006
2181;5789;3007
2182;8403;3008
2183;13616;3009
2184;19669;3010
2185;6476;3011
2186;19689;3012
2187;6300;3013
2188;16678;3014
2189;19693;3015
2190;19565;3016
2191;9704;3017
2192;5700;3018
2193;2192;3019
2194;796;3020
2195;18142;3021
2196;9932;3022
2197;19156;3023
2198;3267;3024
2199;19752;3025
2200;19756;3026
2201;8764;3027
2202;12541;3028
2203;2576;3029
2204;4055;3030
2205;4258;3031
2206;11799;3032
2207;19794;3032
2208;140;3033
2209;6935;3033
2210;1477;3034
2211;19811;3035
2212;7035;3036
2213;6299;3037
2214;8160;3038
2215;17354;3039
2216;18968;3040
2217;6039;3041
2218;19865;3042
2219;6475;3043
2220;2031;3044
2221;11055;3045
2222;19875;3046
2223;10571;3047
2224;12256;3048
2225;9104;3049
2226;19901;3050
2227;11817;3051
2228;19911;3052
2229;7513;3052
2230;9791;3053
2231;5682;3054
2232;17771;3055
2233;19951;3056
2234;15313;3057
2235;17095;3058
2236;16678;3058
2237;11017;3059
2238;9609;3060
2239;7707;3061
2240;1289;3062
2241;140;3063
2242;18581;3064
2243;4368;3065
2244;9466;3066
2245;20016;3067
2246;2831;3068
2247;20021;3069
2248;12919;3070
2249;9404;3071
2250;20042;3072
2251;13367;3073
2252;5992;3074
2253;15929;3075
2254;9340;3076
2255;6778;3077
2256;20070;3078
2257;2192;3079
2258;20080;3080
2259;20090;3081
2260;20094;3082
2261;7207;3083
2262;20099;3084
2263;19420;3085
2264;5676;3086
2265;11817;3087
2266;2717;3088
2267;20119;3089
2268;5829;3090
2269;7081;3091
2270;14484;3092
2271;17677;3093
2272;8018;3094
2273;2632;3095
2274;20168;3096
2275;2601;3096
2276;20270;3097
2277;20277;3098
2278;1741;3099
2279;4255;3100
2280;14145;3101
2281;3731;3102
2282;8403;3103
2283;20310;3104
2284;20317;3104
2285;7513;3105
2286;7513;3106
2287;14650;3107
2288;2192;3108
2289;8403;3109
2290;20350;3110
2291;13839;3111
2292;10128;3112
2293;5829;3113
2294;140;3114
2295;5313;3115
2296;11008;3116
2297;7785;3117
2298;18479;3118
2299;11731;3119
2300;7982;3120
2301;956;3121
2302;956;3122
2303;8528;3123
2304;20494;3124
2305;11817;3125
2306;7081;3126
2307;6590;3127
2308;20505;3128
2309;6590;3128
2310;20506;3129
2311;20507;3129
2312;10044;3130
2313;20536;3131
2314;13006;3132
2315;11117;3133
2316;2602;3134
2317;14123;3135
2318;245;3136
2319;7219;3137
2320;7219;3138
2321;20573;3139
2322;9094;3140
2323;204;3141
2324;140;3142
2325;20629;3143
2326;140;3144
2327;6935;3144
2328;10152;3145
2329;20021;3146
2330;8369;3147
2331;9123;3148
2332;8512;3149
2333;17359;3150
2334;17378;3150
2335;2610;3151
2336;20719;3152
2337;4599;3153
2338;6041;3154
2339;20743;3155
2340;9631;3156
2341;20756;3157
2342;20771;3158
2343;2522;3159
2344;20794;3160
2345;20547;3161
2346;11560;3162
2347;3856;3163
2348;7683;3164
2349;10919;3165
2350;7918;3166
2351;7899;3167
2352;13808;3168
2353;20822;3169
2354;9714;3170
2355;20833;3171
2356;13407;3172
2357;9509;3173
2358;20890;3174
2359;15929;3175
2360;9067;3176
2361;21044;3177
2362;5720;3178
2363;7035;3179
2364;13741;3180
2365;5966;3181
2366;13183;3182
2367;19327;3183
2368;1023;3184
2369;21125;3185
2370;15313;3186
2371;9211;3187
2372;21142;3188
2373;12157;3189
2374;21154;3189
2375;21180;3190
2376;5966;3191
2377;7499;3192
2378;2012;3193
2379;7899;3194
2380;21236;3195
2381;9445;3196
2382;19144;3197
2383;8403;3198
2384;2166;3199
2385;8227;3200
2386;2601;3201
2387;8528;3202
2388;1301;3202
2389;4882;3203
2390;11558;3204
2391;11719;3205
2392;6621;3206
2393;4238;3207
2394;16445;3208
2395;6791;3209
2396;21333;3210
2397;16414;3211
2398;5992;3212
2399;7900;3213
2400;9459;3214
2401;5858;3215
2402;6590;3216
2403;21180;3217
2404;1740;3218
2405;9232;3219
2406;140;3220
2407;21429;3221
2408;7426;3222
2409;8228;3223
2410;7698;3224
2411;21440;3225
2412;7500;3226
2413;21457;3227
2414;17675;3228
2415;1474;3229
2416;9010;3230
2417;21481;3231
2418;21512;3232
2419;21521;3233
2420;6300;3234
2421;150;3235
2422;18514;3236
2423;13367;3237
2424;21645;3238
2425;16021;3238
2426;21652;3239
2427;21682;3240
2428;12231;3241
2429;9067;3242
2430;9076;3243
2431;6905;3244
2432;7704;3245
2433;21726;3246
2434;4155;3247
2435;17900;3248
2436;10919;3249
2437;17092;3250
2438;8490;3251
2439;6287;3252
2440;9704;3253
2441;21739;3254
2442;6590;3254
2443;21740;3254
2444;7707;3255
2445;21795;3256
2446;17910;3257
2447;12157;3258
2448;21154;3258
2449;8752;3259
2450;12934;3260
2451;12935;3260
2452;17095;3261
2453;21842;3262
2454;10097;3263
2455;7219;3264
2456;7909;3265
2457;207;3266
2458;16448;3267
2459;21849;3268
2460;16082;3269
2461;20310;3270
2462;20317;3270
2463;7698;3271
2464;2883;3272
2465;21911;3272
2466;21919;3273
2467;21933;3274
2468;21940;3275
2469;11764;3276
2470;5858;3277
2471;21954;3278
2472;12438;3279
2473;7513;3280
2474;7219;3281
2475;21976;3282
2476;21991;3283
2477;21999;3285
2478;22003;3286
2479;407;3287
2480;22005;3288
2481;8403;3289
2482;3856;3290
2483;9873;3291
2484;11558;3292
2485;7194;3293
2486;11731;3294
2487;15463;3295
2488;8764;3296
2489;7909;3297
2490;12381;3298
2491;15645;3299
2492;771;3300
2493;10509;3301
2494;22136;3302
2495;11276;3303
2496;16448;3304
2497;12935;3305
2498;6016;3306
2499;22156;3307
2500;6985;3308
2501;5335;3309
2502;7249;3310
2503;10704;3311
2504;140;3312
2505;22191;3313
2506;22192;3314
2507;17001;3315
2508;22233;3316
2509;6249;3317
2510;8979;3318
2511;803;3319
2512;8980;3320
2513;8095;3321
2514;17597;3322
2515;6300;3323
2516;5720;3324
2517;7270;3325
2518;22355;3326
2519;10509;3327
2520;22374;3328
2521;15313;3329
2522;16884;3330
2523;6476;3331
2524;7035;3332
2525;22381;3333
2526;7909;3334
2527;22386;3335
2528;20277;3336
2529;22390;3337
2530;6590;3338
2531;22395;3339
2532;4935;3340
2533;22414;3340
2534;11504;3341
2535;9901;3342
2536;3348;3343
2537;22462;3344
2538;15761;3345
2539;13996;3346
2540;2835;3347
2541;22481;3348
2542;8158;3349
2543;9256;3350
2544;1120;3351
2545;12362;3352
2546;10533;3353
2547;22543;3354
2548;22552;3355
2549;5768;3356
2550;22592;3357
2551;22610;3358
2552;12044;3359
2553;9704;3360
2554;18751;3361
2555;11008;3362
2556;11430;3363
2557;18305;3364
2558;9193;3365
2559;8689;3366
2560;6249;3367
2561;7219;3368
2562;7724;3369
2563;357;3370
2564;22715;3371
2565;22716;3372
2566;6249;3373
2567;22727;3374
2568;12859;3375
2569;13360;3376
2570;22760;3377
2571;22778;3378
2572;22916;3379
2573;18514;3380
2574;22952;3381
2575;4126;3382
2576;6835;3383
2577;15259;3384
2578;15259;3385
2579;15259;3386
2580;15259;3387
2581;15259;3388
2582;15259;3389
2583;15259;3390
2584;15259;3391
2585;22970;3392
2586;7899;3393
2587;7899;3394
2588;7900;3395
2589;14134;3396
2590;22977;3397
2591;23023;3398
2592;15313;3399
2593;23042;3400
2594;21180;3401
2595;23063;3402
2596;23065;3403
2597;17010;3404
2598;7111;3405
2599;2739;3406
2600;23076;3407
2601;5991;3408
2602;9206;3409
2603;23107;3410
2604;1116;3411
2605;23119;3412
2606;23127;3413
2607;17675;3414
2608;7899;3415
2609;13559;3416
2610;23135;3417
2611;23138;3418
2612;23139;3419
2613;23141;3420
2614;407;3421
2615;8369;3422
2616;12362;3423
2617;23164;3424
2618;13040;3425
2619;12314;3426
2620;23188;3427
2621;12556;3428
2622;13090;3429
2623;6590;3430
2624;10256;3431
2625;23206;3432
2626;10509;3433
2627;23214;3434
2628;7899;3435
2629;23065;3436
2630;23228;3437
2631;94;3438
2632;23241;3439
2633;23241;3440
2634;23295;3441
2635;13184;3442
2636;7249;3443
2637;10799;3444
2638;8717;3445
2639;23318;3446
2640;13213;3447
2641;3348;3448
2642;8963;3449
2643;16448;3450
2644;13996;3451
2645;23371;3453
2646;5118;3454
2647;15645;3455
2648;15651;3455
2649;23399;3456
2650;7759;3458
2651;7513;3459
2652;9286;3460
2653;5700;3461
2654;23433;3462
2655;11229;3463
2656;14561;3464
2657;3731;3465
2658;13009;3466
2659;23453;3467
2660;23454;3468
2661;7909;3469
2662;140;3470
2663;7982;3471
2664;20816;3472
2665;17234;3473
2666;13367;3474
2667;13020;3476
2668;4867;3477
2669;9563;3478
2670;3949;3478
2671;11731;3479
2672;8759;3480
2673;15313;3481
2674;2576;3482
2675;23546;3483
2676;14456;3483
2677;13213;3484
2678;23579;3485
2679;11694;3486
2680;23587;3486
2681;11694;3487
2682;23587;3487
2683;2610;3488
2684;7035;3489
2685;12619;3490
2686;140;3491
2687;18923;3492
2688;10081;3493
2689;6689;3494
2690;23659;3495
2691;23670;3496
2692;23675;3497
2693;427;3497
2694;19669;3498
2695;23722;3499
2696;23736;3500
2697;23747;3501
2698;23761;3502
2699;9466;3503
2700;9631;3504
2701;23767;3504
2702;21481;3505
2703;7135;3506
2704;23784;3507
2705;23817;3508
2706;16435;3509
2707;9466;3510
2708;23840;3511
2709;18748;3512
2710;19756;3513
2711;16435;3514
2712;23876;3515
2713;3856;3516
2714;23888;3517
2715;10121;3518
2716;17354;3519
2717;3856;3519
2718;23557;3520
2719;23903;3521
2720;14849;3522
2721;8228;3523
2722;23936;3524
2723;23946;3525
2724;4678;3526
2725;23983;3527
2726;18989;3528
2727;7707;3530
2728;10089;3531
2729;15015;3532
2730;24092;3533
2731;24098;3534
2732;24110;3535
2733;140;3536
2734;8010;3537
2735;2362;3538
2736;20537;3539
2737;8759;3540
2738;8403;3541
2739;13557;3542
2740;7683;3543
2741;24168;3544
2742;6287;3545
2743;10256;3546
2744;140;3547
2745;2883;3548
2746;2399;3549
2747;15313;3550
2748;1505;3551
2749;24230;3551
2750;12220;3552
2751;24246;3553
2752;10704;3554
2753;24251;3556
2754;9206;3557
2755;8512;3558
2756;23546;3559
2757;9901;3560
2758;4601;3561
2759;6016;3562
2760;24321;3563
2761;17910;3564
2762;7211;3565
2763;2319;3566
2764;6960;3567
2765;9376;3568
2766;9379;3568
2767;8184;3569
2768;2173;3570
2769;7559;3571
2770;15313;3572
2771;8232;3573
2772;15462;3574
2773;2263;3575
2774;5992;3576
2775;6041;3577
2776;16678;3578
2777;14002;3579
2778;24388;3580
2779;24390;3581
2780;14484;3582
2781;4703;3583
2782;140;3584
2783;24406;3585
2784;7194;3586
2785;16448;3587
2786;24420;3588
2787;20536;3589
2788;7035;3590
2789;10423;3591
2790;11049;3592
2791;636;3593
2792;9232;3594
2793;140;3595
2794;140;3596
2795;12315;3597
2796;24466;3598
2797;17767;3599
2798;17768;3599
2799;16431;3600
2800;24579;3600
2801;4703;3601
2802;24652;3602
2803;20284;3602
2804;11817;3603
2805;37;3604
2806;24763;3605
2807;23371;3606
2808;4703;3607
2809;13487;3608
2810;2353;3609
2811;207;3610
2812;23514;3611
2813;771;3612
2814;7724;3613
2815;9873;3614
2816;13009;3615
2817;10785;3616
2818;15342;3617
2819;10704;3618
2820;24835;3619
2821;19693;3620
2822;9361;3621
2823;8393;3622
2824;17356;3623
2825;7879;3624
2826;3364;3625
2827;14123;3626
2828;15313;3627
2829;10081;3628
2830;7081;3629
2831;24870;3630
2832;8490;3631
2833;7480;3632
2834;11817;3633
2835;4882;3634
2836;24908;3635
2837;24909;3636
2838;24915;3637
2839;24922;3638
2840;140;3639
2841;6641;3640
2842;7909;3641
2843;2603;3642
2844;24928;3643
2845;10298;3644
2846;7909;3645
2847;13557;3646
2848;24938;3647
2849;13009;3648
2850;17771;3649
2851;771;3650
2852;16049;3651
2853;3348;3652
2854;7899;3653
2855;16990;3654
2856;9258;3655
2857;9794;3655
2858;7899;3656
2859;7035;3657
2860;17045;3658
2861;8101;3659
2862;12936;3660
2863;3548;3661
2864;7219;3662
2865;25130;3663
2866;25135;3664
2867;25150;3665
2868;2632;3666
2869;9256;3667
2870;18976;3668
2871;25172;3668
2872;7909;3669
2873;14561;3670
2874;17234;3671
2875;25194;3672
2876;1293;3673
2877;7081;3674
2878;2632;3675
2879;25226;3676
2880;3104;3677
2881;13951;3678
2882;9563;3679
2883;3949;3679
2884;17910;3680
2885;25257;3680
2886;5700;3681
2887;2632;3682
2888;9211;3683
2889;5700;3684
2890;2263;3685
2891;13020;3686
2892;7081;3687
2893;9232;3688
2894;10898;3689
2895;25295;3690
2896;25298;3691
2897;10081;3692
2898;17095;3693
2899;19327;3694
2900;4703;3695
2901;25320;3696
2902;20541;3697
2903;20542;3697
2904;11117;3697
2905;25323;3698
2906;25324;3698
2907;7788;3699
2908;25330;3700
2909;25334;3700
2910;25363;3701
2911;2600;3702
2912;5991;3703
2913;25406;3704
2914;7035;3705
2915;23546;3706
2916;7909;3707
2917;4352;3708
2918;12135;3709
2919;7559;3710
2920;18486;3710
2921;16021;3710
2922;7982;3711
2923;25490;3712
2924;7513;3713
2925;7513;3714
2926;2601;3715
2927;2717;3716
2928;9258;3717
2929;9794;3717
2930;7219;3718
2931;4472;3719
2932;725;3719
2933;2192;3720
2934;25546;3721
2935;6033;3722
2936;25576;3723
2937;16435;3724
2938;14875;3725
2939;10081;3726
2940;2192;3727
2941;17095;3728
2942;140;3729
2943;13741;3730
2944;2600;3731
2945;7249;3732
2946;25642;3733
2947;7698;3734
2948;15673;3735
2949;771;3736
2950;13557;3737
2951;10898;3738
2952;771;3739
2953;8369;3740
2954;1475;3741
2955;11560;3742
2956;25732;3743
2957;3731;3744
2958;7081;3745
2959;2263;3746
2960;5802;3747
2961;8369;3748
2962;7219;3749
2963;16049;3750
2964;9232;3751
2965;11104;3752
2966;7249;3753
2967;13009;3754
2968;7698;3755
2969;199;3756
2970;763;3757
2971;25546;3758
2972;25827;3759
2973;17354;3760
2974;25838;3761
2975;15313;3762
2976;25843;3763
2977;25879;3764
2978;25885;3765
2979;6476;3766
2980;23063;3767
2981;7788;3768
2982;24922;3769
2983;16283;3770
2984;6835;3770
2985;140;3771
2986;9206;3772
2987;11560;3773
2988;9873;3774
2989;9067;3775
2990;3123;3776
2991;7707;3777
2992;2522;3778
2993;25988;3779
2994;25998;3780
2995;13367;3781
2996;3731;3782
2997;26007;3783
2998;7899;3784
2999;10097;3785
3000;13009;3786
3001;6778;3787
3002;10509;3788
3003;6296;3789
3004;26026;3790
3005;17708;3791
3006;26035;3792
3007;8369;3793
3008;7249;3794
3009;1871;3795
3010;17650;3796
3011;5858;3797
3012;12075;3798
3013;17518;3799
3014;636;3800
3015;4882;3801
3016;16435;3802
3017;13213;3803
3018;9531;3804
3019;26155;3805
3020;245;3806
3021;26158;3807
3022;2632;3808
3023;26167;3809
3024;26174;3810
3025;12825;3810
3026;12135;3811
3027;2012;3812
3028;7707;3813
3029;22552;3814
3030;26223;3815
3031;6230;3817
3032;26237;3818
3033;15358;3819
3034;14849;3820
3035;204;3821
3036;6475;3822
3037;6475;3823
3038;3331;3824
3039;8095;3825
3040;5682;3826
3041;19693;3827
3042;26312;3828
3043;7111;3829
3044;4703;3830
3045;23139;3832
3046;7707;3833
3047;11558;3834
3048;24932;3835
3049;1289;3836
3050;26358;3837
3051;26363;3838
3052;7081;3839
3053;8752;3840
3054;10097;3841
3055;7704;3842
3056;22462;3843
3057;7534;3844
3058;9346;3845
3059;2263;3846
3060;12135;3847
3061;9488;3848
3062;13917;3849
3063;11017;3850
3064;26422;3851
3065;15870;3852
3066;140;3853
3067;8792;3854
3068;26452;3855
3069;8528;3856
3070;15507;3858
3071;3856;3859
3072;10081;3860
3073;26477;3861
3074;7909;3862
3075;18142;3863
3076;12063;3864
3077;3348;3865
3078;7707;3866
3079;12135;3867
3080;21933;3868
3081;1802;3869
3082;26519;3870
3083;140;3871
3084;11276;3872
3085;26526;3873
3086;26529;3874
3087;6641;3875
3088;2263;3876
3089;7270;3877
3090;2655;3878
3091;11017;3879
3092;26562;3880
3093;2192;3881
3094;24776;3882
3095;26587;3883
3096;26588;3883
3097;13765;3884
3098;26636;3885
3099;26655;3886
3100;12833;3887
3101;9531;3888
3102;16678;3889
3103;15462;3890
3104;4703;3891
3105;26726;3892
3106;7270;3893
3107;26729;3894
3108;3731;3895
3109;4882;3896
3110;2600;3897
3111;23063;3898
3112;26756;3899
3113;26757;3899
3114;4703;3900
3115;2576;3901
3116;15313;3902
3117;17354;3903
3118;4760;3904
3119;2117;3905
3120;26791;3906
3121;8958;3907
3122;6175;3908
3123;26835;3909
3124;10117;3910
3125;6390;3911
3126;7035;3912
3127;26885;3913
3128;12783;3914
3129;26896;3915
3130;7723;3916
3131;11923;3917
3132;16954;3918
3133;8403;3919
3134;771;3920
3135;13367;3921
3136;6016;3922
3137;10913;3923
3138;24922;3924
3139;3731;3925
3140;6016;3926
3141;9232;3927
3142;25576;3928
3143;9286;3929
3144;8614;3930
3145;6905;3931
3146;14863;3932
3147;27074;3933
3148;3856;3934
3149;17234;3935
3150;6249;3936
3151;6930;3937
3152;140;3938
3153;6935;3938
3154;140;3939
3155;6935;3939
3156;6905;3940
3157;6905;3941
3158;18989;3942
3159;10237;3943
3160;2632;3944
3161;7249;3945
3162;10358;3946
3163;3348;3947
3164;18485;3948
3165;14780;3949
3166;12223;3950
3167;27152;3951
3168;24922;3952
3169;19669;3953
3170;13340;3954
3171;15462;3955
3172;17234;3956
3173;7081;3957
3174;16508;3958
3175;15313;3958
3176;9232;3959
3177;140;3960
3178;8495;3961
3179;18581;3962
3180;13020;3963
3181;7249;3964
3182;15313;3965
3183;5118;3966
3184;7683;3967
3185;9992;3968
3186;27240;3969
3187;13951;3970
3188;140;3971
3189;9873;3972
3190;27276;3973
3191;12310;3974
3192;7788;3975
3193;3104;3976
3194;13020;3977
3195;140;3978
3196;7698;3979
3197;27289;3980
3198;9206;3981
3199;27346;3982
3200;10212;3983
3201;27367;3984
3202;27368;3984
3203;27370;3984
3204;16049;3985
3205;27431;3986
3206;8490;3987
3207;27454;3988
3208;27476;3989
3209;27500;3990
3210;27533;3991
3211;27535;3992
3212;27595;3993
3213;10898;3994
3214;27661;3995
3215;22592;3996
3216;27699;3997
3217;27734;3998
3218;23936;3999
3219;27763;4000
3220;7249;4001
3221;27768;4002
3222;27789;4003
3223;27831;4004
3224;7135;4005
3225;3110;4006
3226;14808;4007
3227;27904;4008
3228;1819;4009
3229;11165;4010
3230;7135;4011
3231;27932;4012
3232;140;4013
3233;2883;4014
3234;27982;4015
3235;7704;4016
3236;27995;4017
3237;1740;4018
3238;28029;4019
3239;10546;4020
3240;2362;4021
3241;8369;4022
3242;19420;4023
3243;16448;4024
3244;7081;4025
3245;140;4026
3246;140;4027
3247;28114;4028
3248;9094;4029
3249;26312;4030
3250;28150;4031
3251;9376;4032
3252;37;4033
3253;7499;4034
3254;9493;4035
3255;2601;4036
3256;7316;4037
3257;11276;4038
3258;12315;4039
3259;798;4040
3260;3348;4041
3261;28206;4042
3262;13367;4043
3263;28238;4044
3264;7500;4045
3265;8015;4046
3266;8184;4047
3267;2010;4048
3268;18018;4049
3269;18020;4049
3270;24932;4050
3271;7683;4051
3272;5720;4052
3273;9301;4053
3274;2192;4055
3275;28329;4056
3276;7513;4057
3277;140;4058
3278;6016;4059
3279;4902;4060
3280;7511;4061
3281;17234;4062
3282;7513;4063
3283;2602;4064
3284;28366;4066
3285;9206;4067
3286;28382;4068
3287;28383;4068
3288;17095;4069
3289;17662;4070
3290;4703;4071
3291;28404;4072
3292;17234;4073
3293;7513;4074
3294;7698;4075
3295;4882;4076
3296;5744;4077
3297;25323;4078
3298;25324;4078
3299;7788;4079
3300;28432;4080
3301;28434;4081
3302;11276;4082
3303;7474;4083
3304;6621;4084
3305;13434;4085
3306;7513;4086
3307;13006;4087
3308;11817;4088
3309;28468;4089
3310;24420;4090
3311;12544;4091
3312;17001;4092
3313;23076;4093
3314;9509;4094
3315;17095;4095
3316;7513;4096
3317;9067;4097
3318;7081;4098
3319;427;4099
3320;26422;4100
3321;7081;4101
3322;7513;4102
3323;8495;4103
3324;13009;4104
3325;5992;4105
3326;4132;4106
3327;7513;4107
3328;28547;4108
3329;17153;4108
3330;28554;4108
3331;28557;4108
3332;28558;4108
3333;26838;4108
3334;28561;4108
3335;10274;4108
3336;9346;4109
3337;4703;4110
3338;20095;4111
3339;7211;4112
3340;3731;4113
3341;4703;4114
3342;19417;4115
3343;8082;4116
3344;15313;4117
3345;2004;4118
3346;2010;4119
3347;28622;4120
3348;15313;4121
3349;9067;4122
3350;28641;4123
3351;13367;4124
3352;18048;4125
3353;13040;4126
3354;10256;4127
3355;15462;4128
3356;28707;4129
3357;10704;4130
3358;3110;4131
3359;28713;4132
3360;12799;4133
3361;23069;4134
3362;8495;4135
3363;9376;4136
3364;9379;4136
3365;4823;4137
3366;28727;4137
3367;8369;4137
3368;28729;4137
3369;28731;4137
3370;12775;4137
3371;28735;4137
3372;28736;4137
3373;28737;4137
3374;6314;4137
3375;28742;4137
3376;28745;4137
3377;28747;4137
3378;28748;4137
3379;28751;4137
3380;28753;4137
3381;28754;4137
3382;28755;4137
3383;28756;4137
3384;28759;4137
3385;28761;4137
3386;28762;4137
3387;3348;4137
3388;28766;4137
3389;28768;4137
3390;28769;4137
3391;28772;4137
3392;28778;4137
3393;28781;4137
3394;28783;4137
3395;28789;4137
3396;28794;4137
3397;28795;4137
3398;28800;4137
3399;6476;4137
3400;27929;4137
3401;28801;4137
3402;20270;4137
3403;21524;4137
3404;28803;4137
3405;28804;4137
3406;6985;4138
3407;23546;4139
3408;3548;4140
3409;28814;4141
3410;28817;4142
3411;3731;4143
3412;10704;4144
3413;11706;4145
3414;28840;4146
3415;16181;4147
3416;7211;4147
3417;23236;4148
3418;140;4149
3419;28852;4150
3420;26794;4151
3421;7241;4152
3422;14863;4153
3423;28873;4154
3424;427;4155
3425;9206;4156
3426;11104;4157
3427;13429;4158
3428;18358;4159
3429;28888;4160
3430;673;4161
3431;675;4161
3432;16959;4162
3433;16960;4162
3434;4132;4163
3435;11055;4164
3436;7135;4165
3437;20542;4166
3438;11636;4167
3439;28959;4168
3440;11560;4169
3441;18036;4170
3442;28968;4171
3443;28971;4172
3444;28981;4173
3445;5966;4174
3446;19901;4175
3447;29006;4176
3448;29008;4177
3449;5829;4178
3450;29027;4179
3451;2012;4180
3452;12934;4181
3453;12935;4181
3454;9067;4182
3455;29069;4183
3456;12211;4184
3457;4670;4185
3458;2632;4186
3459;2883;4187
3460;18748;4188
3461;9361;4189
3462;17095;4190
3463;9531;4191
3464;8136;4192
3465;29069;4193
3466;14845;4194
3467;13559;4195
3468;29231;4196
3469;14484;4197
3470;1293;4198
3471;6209;4199
3472;9067;4200
3473;11560;4201
3474;798;4202
3475;6287;4203
3476;23983;4204
3477;29334;4205
3478;27476;4206
3479;7698;4207
3480;12783;4208
3481;29350;4209
3482;29354;4210
3483;29356;4210
3484;2764;4211
3485;23514;4212
3486;29370;4213
3487;19144;4214
3488;4439;4214
3489;16181;4215
3490;6791;4215
3491;7081;4216
3492;21933;4217
3493;7683;4218
3494;25406;4219
3495;13557;4220
3496;11731;4222
3497;7035;4223
3498;29487;4224
3499;2400;4224
3500;11603;4225
3501;2362;4226
3502;2117;4227
3503;1741;4228
3504;29524;4229
3505;9283;4230
3506;9563;4231
3507;3949;4231
3508;11817;4232
3509;29354;4233
3510;29356;4233
3511;7513;4234
3512;29550;4235
3513;29551;4235
3514;29554;4236
3515;29557;4237
3516;29567;4238
3517;8512;4239
3518;29596;4240
3519;54;4241
3520;10704;4242
3521;9283;4243
3522;29625;4244
3523;29628;4244
3524;12079;4245
3525;29631;4246
3526;8764;4247
3527;29635;4248
3528;6808;4249
3529;13040;4250
3530;9907;4251
3531;16546;4251
3532;29671;4252
3533;29708;4253
3534;29711;4253
3535;1589;4254
3536;1381;4255
3537;20070;4256
3538;5992;4257
3539;21652;4258
3540;29737;4259
3541;3110;4260
3542;29743;4261
3543;11049;4262
3544;10898;4263
3545;29754;4264
3546;13367;4265
3547;6142;4266
3548;29805;4267
3549;17234;4268
3550;9206;4269
3551;29823;4270
3552;2340;4271
3553;5700;4272
3554;9259;4273
3555;13006;4274
3556;2012;4275
3557;18716;4276
3558;3116;4277
3559;3104;4278
3560;2655;4279
3561;29851;4280
3562;6475;4281
3563;18558;4282
3564;22680;4283
3565;26167;4284
3566;8512;4285
3567;29905;4286
3568;29913;4287
3569;29923;4288
3570;23294;4289
3571;13213;4290
3572;2010;4291
3573;140;4292
3574;10913;4292
3575;13009;4293
3576;394;4294
3577;29958;4295
3578;29971;4296
3579;6476;4297
3580;17900;4298
3581;10348;4299
3582;17095;4300
3583;140;4301
3584;30006;4302
3585;5992;4303
3586;30018;4304
3587;9631;4305
3588;1805;4306
3589;30024;4307
3590;6713;4308
3591;4867;4309
3592;7221;4310
3593;12079;4311
3594;7049;4312
3595;1301;4313
3596;16283;4314
3597;30052;4315
3598;7918;4316
3599;2192;4317
3600;30100;4318
3601;17095;4319
3602;21933;4320
3603;11017;4321
3604;26519;4322
3605;30166;4323
3606;140;4324
3607;10551;4324
3608;8169;4325
3609;19549;4325
3610;6930;4326
3611;2717;4327
3612;7707;4328
3613;30208;4329
3614;30210;4330
3615;13740;4331
3616;1048;4332
3617;10898;4333
3618;21933;4334
3619;10898;4335
3620;13951;4336
3621;24915;4337
3622;7724;4338
3623;6641;4339
3624;30287;4340
3625;30289;4341
3626;30323;4342
3627;30324;4343
3628;18018;4344
3629;18019;4344
3630;18020;4344
3631;7113;4345
3632;29551;4346
3633;8490;4347
3634;7035;4348
3635;26206;4349
3636;248;4350
3637;6451;4350
3638;7049;4351
3639;15929;4352
3640;7909;4353
3641;7035;4354
3642;30051;4355
3643;23120;4356
3644;5992;4357
3645;17354;4358
3646;9712;4359
3647;25172;4360
3648;30360;4361
3649;7909;4362
3650;12135;4363
3651;2425;4364
3652;11923;4365
3653;8015;4366
3654;9342;4367
3655;7070;4368
3656;12207;4369
3657;7724;4370
3658;7113;4371
3659;199;4372
3660;9636;4373
3661;25546;4373
3662;9652;4373
3663;12909;4374
3664;8184;4375
3665;17852;4376
3666;7899;4377
3667;30511;4378
3668;27101;4378
3669;30515;4379
3670;19756;4380
3671;6641;4381
3672;11027;4382
3673;26690;4383
3674;6994;4384
3675;6831;4385
3676;30567;4386
3677;30577;4387
3678;6590;4388
3679;30579;4389
3680;17165;4390
3681;30588;4391
3682;30596;4392
3683;13182;4393
3684;30614;4394
3685;8010;4395
3686;30615;4396
3687;13009;4397
3688;21999;4398
3689;30658;4399
3690;30660;4400
3691;6342;4401
3692;11706;4402
3693;6590;4403
3694;9687;4404
3695;17756;4405
3696;10097;4406
3697;11104;4407
3698;15278;4408
3699;5966;4409
3700;2764;4410
3701;11276;4411
3702;30756;4412
3703;30757;4413
3704;30777;4414
3705;30796;4415
3706;30803;4416
3707;30807;4417
3708;2717;4418
3709;11558;4419
3710;8979;4420
3711;7708;4421
3712;13580;4422
3713;13006;4423
3714;7698;4424
3715;11504;4425
3716;377;4426
3717;28064;4427
3718;2831;4428
3719;21933;4429
3720;1289;4430
3721;6743;4431
3722;10286;4432
3723;9901;4433
3724;2883;4434
3725;30912;4435
3726;159;4436
3727;11441;4437
3728;30919;4438
3729;23119;4439
3730;30925;4440
3731;30931;4441
3732;27101;4442
3733;30938;4443
3734;30941;4444
3735;30948;4445
3736;10097;4446
3737;30960;4447
3738;309;4447
3739;4055;4447
3740;264;4448
3741;2655;4449
3742;7513;4450
3743;204;4451
3744;14591;4452
3745;14592;4452
3746;30979;4453
3747;30982;4453
3748;30990;4454
3749;26167;4455
3750;4897;4456
3751;6016;4457
3752;1293;4458
3753;7917;4459
3754;8169;4460
3755;31022;4461
3756;13367;4462
3757;31045;4463
3758;5700;4464
3759;7801;4465
3760;31075;4466
3761;31078;4467
3762;4712;4468
3763;31083;4468
3764;1908;4469
3765;28468;4470
3766;394;4471
3767;31086;4472
3768;15630;4473
3769;5829;4474
3770;31097;4475
3771;31098;4475
3772;23236;4476
3773;1554;4477
3774;20781;4478
3775;9076;4479
3776;31129;4480
3777;10704;4481
3778;23236;4482
3779;11294;4483
3780;494;4484
3781;13384;4484
3782;16349;4485
3783;16350;4485
3784;15259;4486
3785;6590;4487
3786;10097;4488
3787;31140;4488
3788;19496;4488
3789;31141;4488
3790;17900;4489
3791;7249;4490
3792;31145;4491
3793;31148;4492
3794;7111;4493
3795;8221;4494
3796;11504;4495
3797;15857;4495
3798;21590;4496
3799;31184;4497
3800;31185;4498
3801;7219;4499
3802;16504;4500
3803;11719;4501
3804;7211;4502
3805;31197;4503
3806;18142;4504
3807;31202;4505
3808;10711;4506
3809;31205;4507
3810;9376;4508
3811;9379;4508
3812;6016;4509
3813;31212;4510
3814;11558;4511
3815;31304;4512
3816;31364;4513
3817;16719;4515
3818;9206;4516
3819;31421;4517
3820;6033;4518
3821;9286;4519
3822;140;4520
3823;20771;4521
3824;23063;4522
3825;13367;4523
3826;4670;4524
3827;12391;4525
3828;5992;4526
3829;31488;4527
3830;5829;4528
3831;31492;4529
3832;16752;4530
3833;9445;4531
3834;11017;4532
3835;6808;4533
3836;13009;4534
3837;31503;4535
3838;22975;4536
3839;7707;4537
3840;22010;4538
3841;19672;4539
3842;4477;4540
3843;7513;4541
3844;14863;4542
3845;31519;4543
3846;6249;4544
3847;9067;4545
3848;5548;4546
3849;1589;4546
3850;5550;4546
3851;6778;4547
3852;1437;4548
3853;31595;4549
3854;31596;4549
3855;31598;4549
3856;9301;4550
3857;4042;4550
3858;31625;4551
3859;14875;4552
3860;23127;4553
3861;1871;4554
3862;140;4555
3863;6935;4555
3864;6698;4556
3865;19689;4557
3866;7423;4558
3867;26044;4559
3868;6142;4560
3869;7081;4561
3870;7513;4562
3871;3856;4563
3872;2600;4564
3873;3856;4565
3874;6475;4566
3875;5466;4567
3876;1822;4568
3877;6641;4569
3878;31728;4570
3879;31738;4571
3880;6444;4572
3881;3993;4573
3882;7211;4574
3883;664;4575
3884;18485;4576
3885;9932;4577
3886;13367;4578
3887;21842;4579
3888;2883;4580
3889;24922;4581
3890;9873;4582
3891;16283;4583
3892;6590;4585
3893;7683;4586
3894;7500;4587
3895;6641;4588
3896;12315;4589
3897;3856;4590
3898;2117;4591
3899;6639;4592
3900;10256;4593
3901;31810;4594
3902;248;4595
3903;7019;4596
3904;31842;4597
3905;5503;4598
3906;7513;4599
3907;26363;4600
3908;10123;4601
3909;12828;4602
3910;31899;4603
3911;25122;4604
3912;12391;4605
3913;9301;4606
3914;7035;4607
3915;16283;4608
3916;11276;4609
3917;17491;4610
3918;1251;4611
3919;22552;4612
3920;12069;4613
3921;15264;4614
3922;5763;4615
3923;3984;4616
3924;7049;4617
3925;17359;4618
3926;17378;4618
3927;1105;4619
3928;21919;4620
3929;9404;4621
3930;10558;4622
3931;13367;4623
3932;6792;4624
3933;18973;4625
3934;13367;4626
3935;13367;4627
3936;956;4628
3937;8752;4629
3938;11764;4630
3939;2012;4631
3940;32109;4632
3941;6689;4633
3942;32136;4634
3943;9563;4635
3944;32144;4635
3945;3949;4635
3946;140;4636
3947;6935;4636
3948;8018;4637
3949;32151;4638
3950;10704;4639
3951;32159;4640
3952;14188;4641
3953;6926;4642
3954;32180;4643
3955;6926;4644
3956;7724;4645
3957;26636;4646
3958;12619;4647
3959;32195;4648
3960;7474;4649
3961;17637;4650
3962;29027;4651
3963;7707;4652
3964;32211;4653
3965;12314;4654
3966;7113;4655
3967;32218;4656
3968;10711;4657
3969;7219;4658
3970;13487;4659
3971;32283;4660
3972;32284;4661
3973;15313;4662
3974;9346;4663
3975;9346;4664
3976;11055;4665
3977;9211;4666
3978;22727;4667
3979;32313;4668
3980;5550;4669
3981;10919;4670
3982;3731;4671
3983;2192;4672
3984;8865;4673
3985;17010;4674
3986;26002;4675
3987;32352;4676
3988;12231;4677
3989;2929;4678
3990;19333;4679
3991;32364;4680
3992;1301;4681
3993;32367;4682
3994;13954;4683
3995;9104;4684
3996;10704;4685
3997;17650;4686
3998;5676;4687
3999;11564;4688
4000;32396;4688
4001;32399;4689
4002;32405;4690
4003;30018;4691
4004;22003;4692
4005;32428;4693
4006;8808;4694
4007;8368;4695
4008;32456;4696
4009;10089;4697
4010;14023;4698
4011;18170;4699
4012;17771;4700
4013;32468;4701
4014;32470;4702
4015;11276;4703
4016;32478;4704
4017;16631;4705
4018;32536;4706
4019;32542;4707
4020;199;4708
4021;7982;4709
4022;124;4710
4023;21429;4712
4024;32591;4713
4025;1477;4714
4026;771;4715
4027;32601;4716
4028;32603;4717
4029;9901;4718
4030;10097;4719
4031;32614;4720
4032;32631;4721
4033;6598;4722
4034;26156;4723
4035;32633;4724
4036;30197;4724
4037;32634;4724
4038;15062;4724
4039;7111;4725
4040;9283;4726
4041;12934;4727
4042;12935;4727
4043;15358;4728
4044;13996;4729
4045;32669;4730
4046;32670;4731
4047;9211;4732
4048;32687;4733
4049;12542;4734
4050;20851;4735
4051;32705;4736
4052;13213;4737
4053;19901;4738
4054;7513;4739
4055;427;4740
4056;636;4741
4057;13740;4742
4058;5550;4743
4059;32726;4744
4060;6906;4745
4061;22766;4746
4062;10533;4747
4063;16448;4748
4064;30777;4749
4065;7111;4750
4066;18751;4751
4067;9228;4752
4068;1048;4753
4069;1301;4754
4070;15705;4755
4071;9932;4756
4072;6581;4757
4073;9376;4758
4074;9379;4758
4075;32784;4759
4076;7707;4760
4077;16049;4761
4078;32793;4762
4079;2739;4763
4080;7474;4764
4081;12211;4765
4082;3348;4766
4083;32850;4767
4084;32851;4767
4085;32852;4767
4086;32853;4767
4087;7135;4768
4088;15626;4769
4089;7954;4770
4090;32871;4771
4091;293;4772
4092;32880;4773
4093;4615;4774
4094;32884;4775
4095;17675;4776
4096;13951;4777
4097;32900;4778
4098;6475;4779
4099;32915;4780
4100;956;4781
4101;6475;4782
4102;2258;4783
4103;9259;4784
4104;32948;4785
4105;32950;4785
4106;7207;4786
4107;9670;4787
4108;7704;4788
4109;5118;4789
4110;19451;4790
4111;9503;4791
4112;150;4792
4113;32998;4793
4114;140;4794
4115;5789;4795
4116;10089;4796
4117;16990;4797
4118;33013;4798
4119;5228;4799
4120;8979;4800
4121;11430;4801
4122;8136;4802
4123;12799;4803
4124;7707;4804
4125;33036;4805
4126;33037;4805
4127;14648;4805
4128;33039;4805
4129;7433;4805
4130;3762;4806
4131;9258;4807
4132;7081;4808
4133;33051;4809
4134;13559;4810
4135;6778;4811
4136;12920;4812
4137;11104;4813
4138;10898;4814
4139;19384;4814
4140;33067;4815
4141;2192;4816
4142;7111;4817
4143;22592;4818
4144;33130;4819
4145;2431;4820
4146;7474;4821
4147;19026;4822
4148;33148;4823
4149;796;4824
4150;33173;4825
4151;5998;4826
4152;4882;4827
4153;8509;4828
4154;33184;4829
4155;10097;4830
4156;3163;4831
4157;33211;4831
4158;33219;4831
4159;33220;4831
4160;33232;4832
4161;33233;4833
4162;6791;4834
4163;5904;4835
4164;18581;4836
4165;18305;4837
4166;140;4838
4167;27476;4839
4168;33276;4840
4169;6476;4841
4170;33298;4842
4171;7035;4843
4172;4055;4844
4173;6444;4845
4174;7707;4846
4175;33323;4847
4176;33324;4847
4177;12315;4848
4178;33331;4848
4179;7211;4849
4180;33338;4850
4181;9530;4851
4182;9531;4851
4183;32180;4852
4184;140;4853
4185;7788;4854
4186;16291;4855
4187;33365;4856
4188;11055;4856
4189;9466;4857
4190;6590;4858
4191;6590;4859
4192;7704;4860
4193;33371;4861
4194;33383;4862
4195;33421;4863
4196;33434;4864
4197;6590;4865
4198;2796;4866
4199;27768;4867
4200;9010;4868
4201;10546;4869
4202;10548;4869
4203;24932;4871
4204;12936;4872
4205;9193;4873
4206;33489;4874
4207;17505;4875
4208;33493;4876
4209;7035;4877
4210;15645;4878
4211;7073;4878
4212;7249;4879
4213;6249;4880
4214;15313;4881
4215;8490;4882
4216;9525;4883
4217;10423;4884
4218;33542;4885
4219;33543;4885
4220;12903;4886
4221;7917;4887
4222;12630;4888
4223;17756;4889
4224;5829;4890
4225;33572;4891
4226;12859;4892
4227;7270;4893
4228;6209;4894
4229;30289;4895
4230;10089;4896
4231;1741;4896
4232;24922;4897
4233;33598;4898
4234;33603;4898
4235;3104;4899
4236;33614;4900
4237;10097;4902
4238;8403;4903
4239;8018;4904
4240;3731;4905
4241;9067;4906
4242;1116;4907
4243;5676;4908
4244;7035;4909
4245;5992;4910
4246;17547;4911
4247;32428;4912
4248;11276;4913
4249;18048;4914
4250;33690;4915
4251;33705;4916
4252;8090;4917
4253;16577;4918
4254;9151;4919
4255;4596;4920
4256;17735;4921
4257;24862;4922
4258;8369;4923
4259;7474;4924
4260;140;4925
4261;33739;4926
4262;9873;4927
4263;33748;4928
4264;7207;4929
4265;2012;4930
4266;7231;4931
4267;33784;4932
4268;33787;4933
4269;6342;4934
4270;11719;4935
4271;15121;4936
4272;21481;4937
4273;1048;4938
4274;33799;4939
4275;7249;4940
4276;33802;4941
4277;12544;4942
4278;7406;4943
4279;4882;4944
4280;20833;4945
4281;140;4946
4282;10152;4947
4283;7423;4948
4284;17095;4949
4285;33887;4950
4286;33889;4950
4287;33891;4950
4288;33892;4950
4289;33895;4951
4290;33896;4951
4291;33900;4952
4292;22688;4953
4293;1289;4954
4294;9636;4955
4295;9652;4955
4296;12462;4956
4297;140;4957
4298;33982;4958
4299;5118;4959
4300;21849;4960
4301;207;4961
4302;6660;4962
4303;18751;4963
4304;33999;4964
4305;11179;4965
4306;34005;4966
4307;7194;4967
4308;3104;4968
4309;34017;4969
4310;8093;4970
4311;4703;4971
4312;4471;4972
4313;7865;4973
4314;5118;4974
4315;30285;4975
4316;34042;4976
4317;11560;4977
4318;11017;4978
4319;8018;4979
4320;10120;4980
4321;6994;4981
4322;34107;4982
4323;34129;4983
4324;34150;4984
4325;12852;4985
4326;9563;4986
4327;3949;4986
4328;34155;4987
4329;8278;4988
4330;11764;4989
4331;5700;4990
4332;9932;4991
4333;13040;4992
4334;7270;4993
4335;34172;4994
4336;34175;4995
4337;18581;4995
4338;1477;4996
4339;11276;4997
4340;8095;4998
4341;1116;4999
4342;2831;5000
4343;20070;5001
4344;13160;5002
4345;34212;5002
4346;9361;5003
4347;20335;5004
4348;9488;5005
4349;34228;5006
4350;6960;5007
4351;8512;5008
4352;20526;5009
4353;34244;5010
4354;34264;5011
4355;34265;5012
4356;6287;5012
4357;23546;5013
4358;17095;5014
4359;34288;5015
4360;8495;5016
4361;6905;5017
4362;18748;5019
4363;9873;5020
4364;31045;5021
4365;8512;5022
4366;10704;5023
4367;6287;5024
4368;15012;5025
4369;34371;5026
4370;34387;5027
4371;6476;5028
4372;1013;5029
4373;673;5030
4374;675;5030
4375;13741;5031
4376;34416;5032
4377;34423;5033
4378;21371;5034
4379;12542;5035
4380;28966;5036
4381;12362;5037
4382;18027;5038
4383;34435;5039
4384;34453;5040
4385;34489;5041
4386;15870;5042
4387;7035;5043
4388;13407;5044
4389;7513;5045
4390;9123;5046
4391;6621;5047
4392;10097;5048
4393;9804;5049
4394;1286;5050
4395;9067;5051
4396;34670;5052
4397;7020;5053
4398;6249;5054
4399;11558;5055
4400;7194;5056
4401;3348;5057
4402;11799;5058
4403;9067;5059
4404;9104;5060
4405;17438;5061
4406;7474;5062
4407;2764;5063
4408;7683;5064
4409;34742;5065
4410;34775;5065
4411;5815;5066
4412;34796;5066
4413;8761;5067
4414;7103;5068
4415;34807;5069
4416;140;5070
4417;12044;5071
4418;12044;5072
4419;1289;5073
4420;32726;5074
4421;11158;5075
4422;13917;5076
4423;8403;5077
4424;34835;5078
4425;26167;5079
4426;9010;5080
4427;34846;5081
4428;34872;5082
4429;18942;5082
4430;10913;5082
4431;5966;5083
4432;2576;5084
4433;13340;5086
4434;6985;5087
4435;34966;5088
4436;94;5089
4437;9493;5090
4438;5768;5091
4439;16448;5092
4440;12315;5093
4441;17675;5094
4442;9258;5095
4443;9794;5095
4444;34993;5096
4445;35107;5097
4446;1871;5098
4447;16834;5099
4448;16494;5100
4449;35124;5100
4450;35129;5101
4451;10050;5102
4452;10898;5103
4453;7249;5104
4454;35242;5105
4455;26167;5106
4456;34288;5107
4457;32367;5108
4458;21457;5109
4459;35328;5110
4460;17095;5111
4461;35371;5112
4462;35423;5114
4463;35443;5115
4464;10120;5116
4465;3104;5117
4466;8369;5118
4467;13047;5119
4468;14495;5120
4469;17660;5121
4470;12135;5122
4471;6905;5123
4472;7683;5124
4473;37;5125
4474;13340;5126
4475;7698;5127
4476;2192;5128
4477;35529;5129
4478;1877;5129
4479;9873;5130
4480;8512;5131
4481;8512;5132
4482;8512;5133
4483;2632;5134
4484;2600;5135
4485;35541;5136
4486;23371;5137
4487;4255;5138
4488;35558;5139
4489;18712;5140
4490;11027;5141
4491;6835;5142
4492;8763;5143
4493;4798;5144
4494;7035;5145
4495;1120;5146
4496;6641;5147
4497;6042;5148
4498;7513;5149
4499;16152;5150
4500;4055;5151
4501;17675;5152
4502;798;5153
4503;35658;5154
4504;7698;5155
4505;9546;5156
4506;31738;5158
4507;35679;5159
4508;19606;5160
4509;956;5161
4510;35867;5162
4511;35878;5163
4512;25464;5163
4513;35890;5164
4514;35894;5165
4515;1149;5166
4516;16082;5167
4517;7135;5168
4518;35922;5169
4519;12544;5170
4520;35960;5171
4521;10533;5172
4522;14062;5173
4523;6932;5173
4524;5676;5174
4525;30018;5175
4526;10129;5176
4527;9873;5177
4528;6390;5178
4529;36015;5179
4530;36016;5180
4531;28987;5181
4532;23076;5182
4533;13367;5183
4534;8490;5184
4535;14052;5185
4536;36033;5186
4537;7270;5187
4538;5118;5188
4539;12391;5189
4540;8403;5190
4541;4867;5191
4542;36046;5192
4543;10898;5193
4544;36089;5194
4545;7020;5195
4546;798;5196
4547;11433;5197
4548;10711;5198
4549;13046;5199
4550;7035;5200
4551;36135;5201
4552;18170;5202
4553;36145;5203
4554;36146;5204
4555;6835;5205
4556;5858;5206
4557;4798;5207
4558;36163;5208
4559;12859;5209
4560;3548;5210
4561;3984;5211
4562;6476;5212
4563;6276;5213
4564;6277;5213
4565;7513;5214
4566;11055;5215
4567;36257;5215
4568;4448;5216
4569;6906;5217
4570;6581;5218
4571;5802;5219
4572;824;5220
4573;1474;5221
4574;17455;5222
4575;23063;5223
4576;2522;5224
4577;18748;5225
4578;9819;5226
4579;15172;5227
4580;36326;5228
4581;8169;5229
4582;36355;5230
4583;36368;5231
4584;36375;5232
4585;8362;5233
4586;6835;5234
4587;6465;5235
4588;36398;5236
4589;7113;5237
4590;15358;5238
4591;36426;5239
4592;36432;5240
4593;7724;5241
4594;26026;5242
4595;13213;5243
4596;17985;5244
4597;25406;5245
4598;9232;5246
4599;3856;5247
4600;15313;5248
4601;2807;5249
4602;7707;5250
4603;36500;5251
4604;17900;5252
4605;7707;5253
4606;36520;5254
4607;9286;5255
4608;140;5256
4609;6935;5256
4610;13740;5257
4611;36146;5258
4612;11817;5259
4613;18716;5260
4614;14803;5261
4615;13740;5262
4616;36589;5263
4617;31075;5264
4618;36598;5265
4619;36375;5266
4620;2717;5267
4621;7474;5268
4622;36609;5269
4623;293;5270
4624;9211;5271
4625;8475;5272
4626;36626;5273
4627;140;5274
4628;19496;5275
4629;33705;5275
4630;24420;5276
4631;14052;5277
4632;36636;5278
4633;15358;5279
4634;17675;5280
4635;36644;5281
4636;8368;5282
4637;23371;5283
4638;7909;5284
4639;36647;5285
4640;6475;5286
4641;9286;5287
4642;10423;5288
4643;20021;5289
4644;36659;5290
4645;9634;5291
4646;19417;5292
4647;16082;5293
4648;15012;5294
4649;18748;5295
4650;10256;5296
4651;4882;5297
4652;36685;5298
4653;32195;5299
4654;20851;5299
4655;8752;5300
4656;140;5301
4657;6935;5301
4658;19641;5302
4659;10081;5303
4660;7135;5304
4661;15121;5305
4662;36717;5306
4663;5789;5307
4664;36146;5308
4665;36721;5309
4666;8752;5310
4667;15172;5311
4668;36743;5312
4669;7081;5313
4670;10509;5314
4671;31185;5315
4672;12211;5316
4673;6247;5317
4674;7513;5318
4675;12362;5319
4676;36777;5320
4677;36784;5321
4678;30287;5322
4679;28959;5322
4680;6287;5323
4681;2192;5324
4682;6269;5325
4683;12044;5326
4684;7683;5327
4685;9459;5328
4686;9459;5329
4687;36806;5330
4688;6209;5331
4689;7704;5332
4690;7705;5332
4691;2703;5333
4692;2708;5333
4693;7725;5334
4694;36817;5335
4695;23371;5336
4696;7513;5337
4697;17756;5338
4698;21477;5339
4699;7270;5340
4700;36838;5341
4701;25547;5342
4702;36845;5343
4703;13494;5344
4704;7513;5345
4705;19292;5346
4706;5118;5347
4707;7909;5348
4708;140;5349
4709;22381;5350
4710;22432;5351
4711;17095;5352
4712;7070;5353
4713;36913;5354
4714;9376;5355
4715;9379;5355
4716;23065;5356
4717;7081;5357
4718;36925;5358
4719;5676;5359
4720;37;5360
4721;37;5361
4722;37;5362
4723;9670;5363
4724;7081;5364
4725;7081;5365
4726;30660;5366
4727;33232;5367
4728;17491;5368
4729;20816;5369
4730;8018;5370
4731;8490;5371
4732;10081;5372
4733;6835;5373
4734;7909;5374
4735;7249;5375
4736;36956;5376
4737;10546;5377
4738;10548;5377
4739;36971;5378
4740;13599;5378
4741;13599;5379
4742;36972;5380
4743;2717;5381
4744;10128;5382
4745;14123;5383
4746;6642;5384
4747;7113;5385
4748;17015;5386
4749;36990;5387
4750;13559;5388
4751;11719;5389
4752;37024;5390
4753;12266;5391
4754;140;5392
4755;3348;5393
4756;3104;5394
4757;37035;5395
4758;12207;5396
4759;8403;5397
4760;11104;5398
4761;14808;5399
4762;16049;5400
4763;24909;5401
4764;94;5402
4765;11627;5403
4766;37068;5404
4767;23494;5405
4768;31995;5406
4769;377;5407
4770;6621;5408
4771;18039;5409
4772;10898;5410
4773;5858;5411
4774;37168;5412
4775;4922;5413
4776;37184;5414
4777;4264;5415
4778;37203;5416
4779;12530;5417
4780;6590;5418
4781;7900;5419
4782;37227;5420
4783;6041;5421
4784;6621;5422
4785;37242;5423
4786;11550;5424
4787;20031;5425
4788;6926;5426
4789;7513;5427
4790;2193;5429
4791;6791;5430
4792;22481;5431
4793;17165;5432
4794;5992;5433
4795;15313;5434
4796;10711;5435
4797;6835;5436
4798;7513;5437
4799;6660;5438
4800;636;5439
4801;8403;5440
4802;2198;5441
4803;9837;5442
4804;13367;5442
4805;6621;5443
4806;37366;5444
4807;37402;5445
4808;37441;5446
4809;24270;5448
4810;8711;5449
4811;37500;5450
4812;2717;5451
4813;22003;5452
4814;37503;5453
4815;37509;5454
4816;9067;5455
4817;7423;5456
4818;2340;5457
4819;9067;5458
4820;9286;5459
4821;15513;5460
4822;7513;5461
4823;6621;5462
4824;7513;5463
4825;37565;5464
4826;7513;5465
4827;7513;5466
4828;18486;5467
4829;11104;5468
4830;8101;5469
4831;13429;5470
4832;8403;5471
4833;7135;5472
4834;8512;5473
4835;5304;5474
4836;4132;5475
4837;9232;5476
4838;9076;5477
4839;5768;5478
4840;140;5479
4841;4897;5480
4842;11276;5481
4843;37689;5482
4844;23527;5483
4845;6635;5484
4846;4055;5485
4847;37700;5486
4848;15121;5486
4849;37709;5487
4850;37710;5487
4851;37711;5487
4852;2318;5487
4853;739;5488
4854;2258;5489
4855;2192;5490
4856;7035;5491
4857;22676;5492
4858;8490;5493
4859;207;5495
4860;204;5496
4861;7982;5497
4862;37786;5498
4863;2263;5499
4864;7035;5500
4865;5304;5501
4866;10500;5502
4867;37801;5503
4868;10097;5504
4869;16435;5505
4870;9232;5506
4871;13006;5507
4872;16839;5508
4873;140;5509
4874;6476;5510
4875;6476;5511
4876;3465;5512
4877;37836;5513
4878;36326;5514
4879;11055;5515
4880;37861;5516
4881;16049;5517
4882;8490;5518
4883;6476;5519
